feature\browser\src\main\java\top\wkbin\taixu\ui\browser\BrowserActionCard.kt	25	public	fun	BrowserActionCard	@Composable
feature\browser\src\main\java\top\wkbin\taixu\ui\browser\BrowserScreen.kt	58	public	fun	BrowserScreen	@Composable
feature\browser\src\main\java\top\wkbin\taixu\ui\browser\BrowserScreen.kt	86	public	fun	BrowserPane	@Composable
feature\browser\src\main\java\top\wkbin\taixu\ui\browser\BrowserScreen.kt	182	private	fun	BrowserStatusBar	@Composable
feature\browser\src\main\java\top\wkbin\taixu\ui\browser\BrowserScreen.kt	265	private	fun	BrowserTabChip	@Composable
feature\browser\src\main\java\top\wkbin\taixu\ui\browser\BrowserScreen.kt	302	private	fun	StatusDivider	@Composable
feature\browser\src\main\java\top\wkbin\taixu\ui\browser\BrowserScreen.kt	316	private	fun	DebugPausedBanner	@Composable
feature\browser\src\main\java\top\wkbin\taixu\ui\browser\BrowserScreen.kt	378	private	fun	BrowserStatusItem	@Composable
feature\browser\src\main\java\top\wkbin\taixu\ui\browser\BrowserScreen.kt	419	private	fun	BrowserUrlBar	@Composable
feature\browser\src\main\java\top\wkbin\taixu\ui\browser\BrowserViewModel.kt	32	public	class	BrowserViewModel	@HiltViewModel
feature\browser\src\main\java\top\wkbin\taixu\ui\browser\BrowserViewModel.kt	344	private	class	BrowserCoreState	
feature\browser\src\main\java\top\wkbin\taixu\ui\browser\BrowserViewModel.kt	352	private	class	BrowserPanelState	
feature\browser\src\main\java\top\wkbin\taixu\ui\browser\BrowserViewModel.kt	361	public	class	BrowserTabUi	
feature\browser\src\main\java\top\wkbin\taixu\ui\browser\BrowserViewModel.kt	368	public	class	BrowserUiState	
feature\browser\src\main\java\top\wkbin\taixu\ui\browser\network\NetworkTimelineSheet.kt	44	public	fun	NetworkTimelineSheet	@Composable
feature\browser\src\main\java\top\wkbin\taixu\ui\browser\network\NetworkTimelineSheet.kt	111	private	fun	RequestList	@Composable
feature\browser\src\main\java\top\wkbin\taixu\ui\browser\network\NetworkTimelineSheet.kt	128	private	fun	RequestRow	@Composable
feature\browser\src\main\java\top\wkbin\taixu\ui\browser\network\NetworkTimelineSheet.kt	190	private	fun	NetworkDetailBody	@Composable
feature\browser\src\main\java\top\wkbin\taixu\ui\browser\network\NetworkTimelineSheet.kt	214	private	fun	HookHitList	@Composable
feature\browser\src\main\java\top\wkbin\taixu\ui\browser\network\NetworkTimelineSheet.kt	277	private	fun	methodColor	
feature\browser\src\main\java\top\wkbin\taixu\ui\browser\network\NetworkTimelineSheet.kt	285	private	fun	statusText	
feature\browser\src\main\java\top\wkbin\taixu\ui\browser\network\NetworkTimelineSheet.kt	291	private	fun	statusColor	
feature\browser\src\main\java\top\wkbin\taixu\ui\browser\network\NetworkTimelineSheet.kt	299	private	fun	formatBytes	
feature\browser\src\main\java\top\wkbin\taixu\ui\browser\snapshot\SnapshotSheet.kt	18	public	fun	SnapshotSheet	@Composable
feature\browser\src\main\java\top\wkbin\taixu\ui\browser\snapshot\SnapshotSheetState.kt	5	public	class	SnapshotSheetState	
feature\chat\src\main\java\top\wkbin\taixu\ui\chat\ChatAttachment.kt	45	public	class	ChatAttachment	
feature\chat\src\main\java\top\wkbin\taixu\ui\chat\ChatAttachment.kt	58	public	object	AttachmentHelper	
feature\chat\src\main\java\top\wkbin\taixu\ui\chat\ChatAttachment.kt	158	public	fun	AttachmentPreviewRow	@Composable
feature\chat\src\main\java\top\wkbin\taixu\ui\chat\ChatComposer.kt	81	internal	fun	ChatComposer	@Composable
feature\chat\src\main\java\top\wkbin\taixu\ui\chat\ChatDialogs.kt	68	internal	fun	EditAndResendDialog	@Composable
feature\chat\src\main\java\top\wkbin\taixu\ui\chat\ChatDialogs.kt	107	internal	fun	SessionsDialog	@Composable
feature\chat\src\main\java\top\wkbin\taixu\ui\chat\ChatDialogs.kt	365	internal	fun	RenameSessionDialog	@Composable
feature\chat\src\main\java\top\wkbin\taixu\ui\chat\ChatDialogs.kt	404	internal	fun	ModelDialog	@Composable
feature\chat\src\main\java\top\wkbin\taixu\ui\chat\ChatDialogs.kt	661	internal	fun	ProviderModelPickerDialog	@Composable
feature\chat\src\main\java\top\wkbin\taixu\ui\chat\ChatDialogs.kt	786	internal	fun	AddModelDialog	@Composable
feature\chat\src\main\java\top\wkbin\taixu\ui\chat\ChatDialogs.kt	836	internal	fun	NewSessionDialog	@Composable
feature\chat\src\main\java\top\wkbin\taixu\ui\chat\ChatDialogs.kt	994	internal	fun	WorkspaceOption	@Composable
feature\chat\src\main\java\top\wkbin\taixu\ui\chat\ChatMentionText.kt	14	internal	fun	buildMentionRegex	
feature\chat\src\main\java\top\wkbin\taixu\ui\chat\ChatMentionText.kt	26	internal	fun	formatMentionText	
feature\chat\src\main\java\top\wkbin\taixu\ui\chat\ChatMentionText.kt	54	internal	class	MentionVisualTransformation	
feature\chat\src\main\java\top\wkbin\taixu\ui\chat\ChatMessageBubbles.kt	85	internal	fun	UserBubble	@Composable | @OptIn(ExperimentalMaterial3Api::class)
feature\chat\src\main\java\top\wkbin\taixu\ui\chat\ChatMessageBubbles.kt	294	private	fun	RewindScopeOption	@Composable
feature\chat\src\main\java\top\wkbin\taixu\ui\chat\ChatMessageBubbles.kt	332	internal	fun	ImageThumbnail	@Composable
feature\chat\src\main\java\top\wkbin\taixu\ui\chat\ChatMessageBubbles.kt	372	internal	fun	AssistantBubble	@Composable
feature\chat\src\main\java\top\wkbin\taixu\ui\chat\ChatMessageBubbles.kt	528	private	val	MAX_LIVE_TEXT_CHARS	
feature\chat\src\main\java\top\wkbin\taixu\ui\chat\ChatMessageBubbles.kt	530	private	val	generatedImageFlagCache	
feature\chat\src\main\java\top\wkbin\taixu\ui\chat\ChatMessageBubbles.kt	532	private	class	TaskStepItem	
feature\chat\src\main\java\top\wkbin\taixu\ui\chat\ChatMessageBubbles.kt	538	private	val	taskPlanCache	
feature\chat\src\main\java\top\wkbin\taixu\ui\chat\ChatMessageBubbles.kt	540	private	fun	extractTaskPlanSteps	
feature\chat\src\main\java\top\wkbin\taixu\ui\chat\ChatMessageBubbles.kt	561	private	fun	TaskPlanCard	@Composable
feature\chat\src\main\java\top\wkbin\taixu\ui\chat\ChatMessageBubbles.kt	704	internal	fun	ThinkingBlock	@Composable
feature\chat\src\main\java\top\wkbin\taixu\ui\chat\ChatMessageBubbles.kt	831	internal	fun	CapabilityEventCard	@Composable
feature\chat\src\main\java\top\wkbin\taixu\ui\chat\ChatMessageList.kt	75	private	val	ExpandedOverridesSaver	
feature\chat\src\main\java\top\wkbin\taixu\ui\chat\ChatMessageList.kt	84	internal	fun	ChatMessageList	@Composable
feature\chat\src\main\java\top\wkbin\taixu\ui\chat\ChatMessageList.kt	265	private	fun	AssistantGenerationPlaceholder	@Composable
feature\chat\src\main\java\top\wkbin\taixu\ui\chat\ChatMessageList.kt	301	internal	fun	EmptyChatGuidance	@Composable
feature\chat\src\main\java\top\wkbin\taixu\ui\chat\ChatMessageList.kt	450	private	fun	parseIconName	
feature\chat\src\main\java\top\wkbin\taixu\ui\chat\ChatMessageList.kt	470	internal	fun	RoundCollapseButton	@Composable
feature\chat\src\main\java\top\wkbin\taixu\ui\chat\ChatMessageList.kt	514	internal	fun	ChatMessageSkeleton	@Composable
feature\chat\src\main\java\top\wkbin\taixu\ui\chat\ChatMessageList.kt	583	private	fun	shimmerBrush	@Composable
feature\chat\src\main\java\top\wkbin\taixu\ui\chat\ChatPopups.kt	35	internal	fun	SlashCommandPopup	@Composable
feature\chat\src\main\java\top\wkbin\taixu\ui\chat\ChatPopups.kt	81	internal	fun	MentionPopup	@Composable
feature\chat\src\main\java\top\wkbin\taixu\ui\chat\ChatScreen.kt	92	private	val	AgentBottomBarHeight	
feature\chat\src\main\java\top\wkbin\taixu\ui\chat\ChatScreen.kt	95	private	val	BrowserBottomBarHeight	
feature\chat\src\main\java\top\wkbin\taixu\ui\chat\ChatScreen.kt	98	private	fun	chatBottomInsets	@Composable
feature\chat\src\main\java\top\wkbin\taixu\ui\chat\ChatScreen.kt	112	public	fun	ChatScreen	@Composable
feature\chat\src\main\java\top\wkbin\taixu\ui\chat\ChatScreen.kt	810	private	fun	ChatPaneContent	@Composable
feature\chat\src\main\java\top\wkbin\taixu\ui\chat\ChatScreen.kt	994	private	fun	McpRecommendationBanner	@Composable
feature\chat\src\main\java\top\wkbin\taixu\ui\chat\ChatSheets.kt	63	internal	fun	SkillsAndMcpSheet	@Composable | @OptIn(ExperimentalMaterial3Api::class)
feature\chat\src\main\java\top\wkbin\taixu\ui\chat\ChatSheets.kt	472	internal	fun	ReasoningEffortSlider	@Composable
feature\chat\src\main\java\top\wkbin\taixu\ui\chat\ChatSheets.kt	659	internal	fun	ApprovalModeSheet	@Composable | @OptIn(ExperimentalMaterial3Api::class)
feature\chat\src\main\java\top\wkbin\taixu\ui\chat\ChatToolCards.kt	56	private	val	DotRunning	
feature\chat\src\main\java\top\wkbin\taixu\ui\chat\ChatToolCards.kt	57	private	val	DotSuccess	
feature\chat\src\main\java\top\wkbin\taixu\ui\chat\ChatToolCards.kt	58	private	val	DotFailed	
feature\chat\src\main\java\top\wkbin\taixu\ui\chat\ChatToolCards.kt	59	private	val	DiffAddedColor	
feature\chat\src\main\java\top\wkbin\taixu\ui\chat\ChatToolCards.kt	60	private	val	DiffDeletedColor	
feature\chat\src\main\java\top\wkbin\taixu\ui\chat\ChatToolCards.kt	63	internal	fun	ToolCard	@Composable
feature\chat\src\main\java\top\wkbin\taixu\ui\chat\ChatToolCards.kt	236	internal	fun	ApprovalRequestCard	@Composable
feature\chat\src\main\java\top\wkbin\taixu\ui\chat\ChatToolCards.kt	318	internal	fun	toolName	
feature\chat\src\main\java\top\wkbin\taixu\ui\chat\ChatToolCards.kt	340	internal	fun	toolArgsSummary	
feature\chat\src\main\java\top\wkbin\taixu\ui\chat\ChatToolCards.kt	351	internal	fun	DiffStatBadge	@Composable
feature\chat\src\main\java\top\wkbin\taixu\ui\chat\ChatToolCards.kt	390	private	val	DIFF_STAT_REGEX	
feature\chat\src\main\java\top\wkbin\taixu\ui\chat\ChatToolCards.kt	395	internal	fun	parseDiffStat	
feature\chat\src\main\java\top\wkbin\taixu\ui\chat\ChatTopBar.kt	40	internal	fun	ChatTopBar	@Composable
feature\chat\src\main\java\top\wkbin\taixu\ui\chat\ChatUiHelpers.kt	10	internal	fun	isThinkingOrActionItem	
feature\chat\src\main\java\top\wkbin\taixu\ui\chat\ChatUiHelpers.kt	19	internal	fun	reasoningAlreadyShown	
feature\chat\src\main\java\top\wkbin\taixu\ui\chat\ChatUiHelpers.kt	32	internal	fun	formatChatDuration	
feature\chat\src\main\java\top\wkbin\taixu\ui\chat\ChatUiHelpers.kt	42	internal	fun	formatTokenCount	
feature\chat\src\main\java\top\wkbin\taixu\ui\chat\ChatViewModel.kt	70	private	val	MAX_RUNTIME_EVENTS	
feature\chat\src\main\java\top\wkbin\taixu\ui\chat\ChatViewModel.kt	71	private	val	TAG	
feature\chat\src\main\java\top\wkbin\taixu\ui\chat\ChatViewModel.kt	72	private	val	KEY_INPUT_DRAFT	
feature\chat\src\main\java\top\wkbin\taixu\ui\chat\ChatViewModel.kt	74	public	class	SubagentResultUiState	
feature\chat\src\main\java\top\wkbin\taixu\ui\chat\ChatViewModel.kt	83	public	class	OnboardingPrivilege	
feature\chat\src\main\java\top\wkbin\taixu\ui\chat\ChatViewModel.kt	86	public	class	ChatViewModel	@HiltViewModel
feature\chat\src\main\java\top\wkbin\taixu\ui\chat\ChatViewModel.kt	1016	internal	fun	mergeHistoricalAndLiveEvents	
feature\chat\src\main\java\top\wkbin\taixu\ui\chat\ChatViewModel.kt	1046	private	fun	synthesizeHistoricalEvents	
feature\chat\src\main\java\top\wkbin\taixu\ui\chat\ChatViewModel.kt	1122	public	class	ComposerSendMode	
feature\chat\src\main\java\top\wkbin\taixu\ui\chat\ChatViewModel.kt	1127	private	class	ContextUsageInputs	
feature\chat\src\main\java\top\wkbin\taixu\ui\chat\ChatViewModel.kt	1135	public	class	ContextUsage	
feature\chat\src\main\java\top\wkbin\taixu\ui\chat\ChatViewModel.kt	1144	public	class	MentionItem	
feature\chat\src\main\java\top\wkbin\taixu\ui\chat\ChatViewModel.kt	1153	public	class	MentionType	
feature\chat\src\main\java\top\wkbin\taixu\ui\chat\ChatWorkbenchPanels.kt	86	internal	fun	CollapsibleChatWorkbenchStrip	@Composable
feature\chat\src\main\java\top\wkbin\taixu\ui\chat\ChatWorkbenchPanels.kt	183	private	fun	StatusDivider	@Composable
feature\chat\src\main\java\top\wkbin\taixu\ui\chat\ChatWorkbenchPanels.kt	193	private	fun	WorkbenchStatusItem	@Composable
feature\chat\src\main\java\top\wkbin\taixu\ui\chat\ChatWorkbenchPanels.kt	233	internal	fun	BranchBrowserSheet	@Composable | @OptIn(ExperimentalMaterial3Api::class)
feature\chat\src\main\java\top\wkbin\taixu\ui\chat\ChatWorkbenchPanels.kt	293	private	fun	SectionLabel	@Composable
feature\chat\src\main\java\top\wkbin\taixu\ui\chat\ChatWorkbenchPanels.kt	302	private	fun	BranchCard	@Composable
feature\chat\src\main\java\top\wkbin\taixu\ui\chat\ChatWorkbenchPanels.kt	360	internal	fun	SubagentResultSheet	@Composable | @OptIn(ExperimentalMaterial3Api::class)
feature\chat\src\main\java\top\wkbin\taixu\ui\chat\ChatWorkbenchPanels.kt	535	private	fun	subagentTaskDetails	
feature\chat\src\main\java\top\wkbin\taixu\ui\chat\ChatWorkbenchPanels.kt	543	private	fun	MiniBadge	@Composable
feature\chat\src\main\java\top\wkbin\taixu\ui\chat\ChatWorkbenchPanels.kt	551	internal	fun	RuntimeTimelineSheet	@Composable | @OptIn(ExperimentalMaterial3Api::class)
feature\chat\src\main\java\top\wkbin\taixu\ui\chat\ChatWorkbenchPanels.kt	762	private	fun	CollapsibleRuntimeSectionCard	@Composable
feature\chat\src\main\java\top\wkbin\taixu\ui\chat\ChatWorkbenchPanels.kt	822	internal	class	RoundGroup	
feature\chat\src\main\java\top\wkbin\taixu\ui\chat\ChatWorkbenchPanels.kt	834	internal	interface	TimelineEntry	
feature\chat\src\main\java\top\wkbin\taixu\ui\chat\ChatWorkbenchPanels.kt	858	internal	fun	buildRoundGroups	
feature\chat\src\main\java\top\wkbin\taixu\ui\chat\ChatWorkbenchPanels.kt	948	private	fun	RoundSection	@Composable
feature\chat\src\main\java\top\wkbin\taixu\ui\chat\ChatWorkbenchPanels.kt	1042	private	fun	RoundEntryRow	@Composable
feature\chat\src\main\java\top\wkbin\taixu\ui\chat\ChatWorkbenchPanels.kt	1151	private	fun	ToolExpandContent	@Composable
feature\chat\src\main\java\top\wkbin\taixu\ui\chat\ChatWorkbenchPanels.kt	1166	private	fun	AssistantExpandContent	@Composable
feature\chat\src\main\java\top\wkbin\taixu\ui\chat\ChatWorkbenchPanels.kt	1182	private	fun	PayloadBox	@Composable
feature\chat\src\main\java\top\wkbin\taixu\ui\chat\ChatWorkbenchPanels.kt	1220	private	fun	StatPill	@Composable
feature\chat\src\main\java\top\wkbin\taixu\ui\chat\ChatWorkbenchPanels.kt	1244	private	fun	RuntimeEventRow	@Composable
feature\chat\src\main\java\top\wkbin\taixu\ui\chat\ChatWorkbenchPanels.kt	1282	private	class	EventVisual	
feature\chat\src\main\java\top\wkbin\taixu\ui\chat\ChatWorkbenchPanels.kt	1285	private	fun	eventVisual	@Composable
feature\chat\src\main\java\top\wkbin\taixu\ui\chat\ChatWorkbenchPanels.kt	1342	internal	fun	QueuedPromptStack	@Composable | @OptIn(ExperimentalMaterial3Api::class)
feature\chat\src\main\java\top\wkbin\taixu\ui\chat\ChatWorkbenchPanels.kt	1417	internal	fun	CreateBranchDialog	@Composable
feature\chat\src\main\java\top\wkbin\taixu\ui\chat\ChatWorkbenchPanels.kt	1446	private	fun	formatEventTime	
feature\chat\src\main\java\top\wkbin\taixu\ui\chat\ChatWorkbenchPanels.kt	1447	private	fun	formatPanelDuration	
feature\chat\src\main\java\top\wkbin\taixu\ui\chat\ChatWorkbenchPanels.kt	1449	private	val	PAYLOAD_JSON	
feature\chat\src\main\java\top\wkbin\taixu\ui\chat\ChatWorkbenchPanels.kt	1451	private	fun	prettyArgs	
feature\chat\src\main\java\top\wkbin\taixu\ui\chat\ChatWorkbenchPanels.kt	1454	internal	fun	limitDiagnosticText	
feature\chat\src\main\java\top\wkbin\taixu\ui\chat\ChatWorkbenchPanels.kt	1464	internal	fun	sanitizeModelResponseForDiagnostics	
feature\chat\src\main\java\top\wkbin\taixu\ui\chat\ChatWorkbenchPanels.kt	1505	private	val	MAX_DIAGNOSTIC_TEXT_CHARS	
feature\chat\src\main\java\top\wkbin\taixu\ui\chat\ChatWorkbenchPanels.kt	1506	private	val	DIAGNOSTIC_PREVIEW_LINES	
feature\chat\src\main\java\top\wkbin\taixu\ui\chat\CompactionBanner.kt	44	internal	fun	CompactionBanner	@Composable
feature\chat\src\main\java\top\wkbin\taixu\ui\chat\ContextUsageRing.kt	49	public	fun	ContextUsageRing	@Composable
feature\chat\src\main\java\top\wkbin\taixu\ui\chat\ContextUsageRing.kt	177	private	fun	UsageBreakdownRow	@Composable
feature\chat\src\main\java\top\wkbin\taixu\ui\chat\ContextUsageRing.kt	201	private	fun	formatContextTokens	
feature\chat\src\main\java\top\wkbin\taixu\ui\chat\MarkdownText.kt	104	internal	val	LocalSandboxHostRoots	
feature\chat\src\main\java\top\wkbin\taixu\ui\chat\MarkdownText.kt	107	private	fun	resolveMediaSource	
feature\chat\src\main\java\top\wkbin\taixu\ui\chat\MarkdownText.kt	132	public	fun	MarkdownText	@Composable
feature\chat\src\main\java\top\wkbin\taixu\ui\chat\MarkdownText.kt	175	private	interface	MdBlock	
feature\chat\src\main\java\top\wkbin\taixu\ui\chat\MarkdownText.kt	177	private	class	MdParagraph	
feature\chat\src\main\java\top\wkbin\taixu\ui\chat\MarkdownText.kt	178	private	class	MdHeading	
feature\chat\src\main\java\top\wkbin\taixu\ui\chat\MarkdownText.kt	179	private	class	MdCodeBlock	
feature\chat\src\main\java\top\wkbin\taixu\ui\chat\MarkdownText.kt	180	private	class	MdList	
feature\chat\src\main\java\top\wkbin\taixu\ui\chat\MarkdownText.kt	181	private	class	MdQuote	
feature\chat\src\main\java\top\wkbin\taixu\ui\chat\MarkdownText.kt	182	private	class	MdTable	
feature\chat\src\main\java\top\wkbin\taixu\ui\chat\MarkdownText.kt	183	private	class	MdRemoteMedia	
feature\chat\src\main\java\top\wkbin\taixu\ui\chat\MarkdownText.kt	184	private	object	MdHr	
feature\chat\src\main\java\top\wkbin\taixu\ui\chat\MarkdownText.kt	186	private	val	headingRegex	
feature\chat\src\main\java\top\wkbin\taixu\ui\chat\MarkdownText.kt	187	private	val	orderedListRegex	
feature\chat\src\main\java\top\wkbin\taixu\ui\chat\MarkdownText.kt	188	private	val	unorderedListRegex	
feature\chat\src\main\java\top\wkbin\taixu\ui\chat\MarkdownText.kt	189	private	val	hrRegex	
feature\chat\src\main\java\top\wkbin\taixu\ui\chat\MarkdownText.kt	190	private	val	markdownImageRegex	
feature\chat\src\main\java\top\wkbin\taixu\ui\chat\MarkdownText.kt	195	private	val	inlineImageRegex	
feature\chat\src\main\java\top\wkbin\taixu\ui\chat\MarkdownText.kt	197	private	val	htmlImgRegex	
feature\chat\src\main\java\top\wkbin\taixu\ui\chat\MarkdownText.kt	198	private	val	standaloneWebUrlRegex	
feature\chat\src\main\java\top\wkbin\taixu\ui\chat\MarkdownText.kt	199	private	val	inlineMarkdownLinkRegex	
feature\chat\src\main\java\top\wkbin\taixu\ui\chat\MarkdownText.kt	200	private	val	inlineWebUrlRegex	
feature\chat\src\main\java\top\wkbin\taixu\ui\chat\MarkdownText.kt	202	private	val	imageFileExtensions	
feature\chat\src\main\java\top\wkbin\taixu\ui\chat\MarkdownText.kt	204	private	val	markdownBlockCache	
feature\chat\src\main\java\top\wkbin\taixu\ui\chat\MarkdownText.kt	206	private	val	largeMarkdownBlockCache	
feature\chat\src\main\java\top\wkbin\taixu\ui\chat\MarkdownText.kt	207	private	val	inlineSpanCache	
feature\chat\src\main\java\top\wkbin\taixu\ui\chat\MarkdownText.kt	209	private	fun	parseMarkdownBlocks	
feature\chat\src\main\java\top\wkbin\taixu\ui\chat\MarkdownText.kt	223	private	fun	parseRawBlocks	
feature\chat\src\main\java\top\wkbin\taixu\ui\chat\MarkdownText.kt	323	private	fun	extractInlineMedia	
feature\chat\src\main\java\top\wkbin\taixu\ui\chat\MarkdownText.kt	389	private	fun	InlineText	@Composable
feature\chat\src\main\java\top\wkbin\taixu\ui\chat\MarkdownText.kt	406	private	fun	buildInline	
feature\chat\src\main\java\top\wkbin\taixu\ui\chat\MarkdownText.kt	497	private	fun	trimUrlPunctuation	
feature\chat\src\main\java\top\wkbin\taixu\ui\chat\MarkdownText.kt	506	private	fun	RemoteMediaBlock	@Composable
feature\chat\src\main\java\top\wkbin\taixu\ui\chat\MarkdownText.kt	612	private	fun	ImagePreviewDialog	@Composable
feature\chat\src\main\java\top\wkbin\taixu\ui\chat\MarkdownText.kt	768	private	fun	imageRequest	
feature\chat\src\main\java\top\wkbin\taixu\ui\chat\MarkdownText.kt	771	private	fun	imageMimeType	
feature\chat\src\main\java\top\wkbin\taixu\ui\chat\MarkdownText.kt	785	private	fun	imageExtension	
feature\chat\src\main\java\top\wkbin\taixu\ui\chat\MarkdownText.kt	794	private	fun	saveImageToGallery	
feature\chat\src\main\java\top\wkbin\taixu\ui\chat\MarkdownText.kt	818	private	fun	copyImageSource	
feature\chat\src\main\java\top\wkbin\taixu\ui\chat\MarkdownText.kt	850	private	fun	MediaStateBox	@Composable
feature\chat\src\main\java\top\wkbin\taixu\ui\chat\MarkdownText.kt	861	private	val	MEDIA_MAX_WIDTH	
feature\chat\src\main\java\top\wkbin\taixu\ui\chat\MarkdownText.kt	862	private	val	MEDIA_MAX_HEIGHT	
feature\chat\src\main\java\top\wkbin\taixu\ui\chat\MarkdownText.kt	863	private	val	MEDIA_PLACEHOLDER_HEIGHT	
feature\chat\src\main\java\top\wkbin\taixu\ui\chat\MarkdownText.kt	864	private	val	MARKDOWN_CACHE_MAX_CHARS	
feature\chat\src\main\java\top\wkbin\taixu\ui\chat\MarkdownText.kt	867	private	fun	CodeBlock	@Composable
feature\chat\src\main\java\top\wkbin\taixu\ui\chat\MarkdownText.kt	955	private	fun	splitRow	
feature\chat\src\main\java\top\wkbin\taixu\ui\chat\MarkdownText.kt	958	private	fun	isTableSeparator	
feature\chat\src\main\java\top\wkbin\taixu\ui\chat\MarkdownText.kt	969	private	fun	isTableStart	
feature\chat\src\main\java\top\wkbin\taixu\ui\chat\MarkdownText.kt	973	private	fun	TableBlock	@Composable
feature\chat\src\main\java\top\wkbin\taixu\ui\chat\MarkdownText.kt	1016	private	fun	ListBlock	@Composable
feature\chat\src\main\java\top\wkbin\taixu\ui\chat\MarkdownText.kt	1033	private	fun	QuoteBlock	@Composable
feature\chat\src\main\java\top\wkbin\taixu\ui\chat\PlanBoard.kt	54	public	class	PlanStepUi	
feature\chat\src\main\java\top\wkbin\taixu\ui\chat\PlanBoard.kt	67	public	object	PlanStepParser	
feature\chat\src\main\java\top\wkbin\taixu\ui\chat\PlanBoard.kt	149	internal	fun	SessionPlanBoardCard	@Composable
feature\chat\src\main\java\top\wkbin\taixu\ui\chat\PlanBoard.kt	249	internal	fun	StickyPlanBar	@Composable
feature\chat\src\main\java\top\wkbin\taixu\ui\chat\RoundCollapse.kt	10	public	interface	ChatRenderItem	
feature\chat\src\main\java\top\wkbin\taixu\ui\chat\RoundCollapse.kt	37	public	fun	projectChatMessages	
feature\chat\src\main\java\top\wkbin\taixu\ui\chat\SessionMemorySheet.kt	54	internal	fun	SessionMemorySheet	@Composable | @OptIn(ExperimentalMaterial3Api::class)
feature\chat\src\main\java\top\wkbin\taixu\ui\chat\SessionMemorySheet.kt	219	private	fun	SectionHeader	@Composable
feature\chat\src\main\java\top\wkbin\taixu\ui\chat\SessionMemorySheet.kt	238	private	fun	EmptyHint	@Composable
feature\chat\src\main\java\top\wkbin\taixu\ui\chat\SessionMemorySheet.kt	248	private	fun	MemoryRow	@Composable
feature\chat\src\main\java\top\wkbin\taixu\ui\chat\SlashCommands.kt	7	public	class	SlashCommandItem	
feature\chat\src\main\java\top\wkbin\taixu\ui\chat\SlashCommands.kt	15	public	object	SlashCommands	
feature\chat\src\main\java\top\wkbin\taixu\ui\chat\SubagentCard.kt	55	public	fun	SubagentCard	@Composable | @OptIn(ExperimentalLayoutApi::class)
feature\chat\src\main\java\top\wkbin\taixu\ui\chat\SubagentCard.kt	289	private	fun	matchSubagentBranch	
feature\chat\src\main\java\top\wkbin\taixu\ui\chat\ToolActivityPill.kt	80	public	fun	ToolActivityPill	@Composable | @OptIn(ExperimentalMaterial3Api::class)
feature\chat\src\main\java\top\wkbin\taixu\ui\chat\ToolActivityPill.kt	340	private	val	ARG_PREVIEW_LENGTH	
feature\chat\src\main\java\top\wkbin\taixu\ui\chat\ToolActivityPill.kt	341	private	val	PRETTY_JSON	
feature\chat\src\main\java\top\wkbin\taixu\ui\chat\ToolActivityPill.kt	343	private	fun	prettyArgs	
feature\chat\src\main\java\top\wkbin\taixu\ui\chat\ToolActivityPill.kt	348	private	fun	formatDuration	
feature\chat\src\main\java\top\wkbin\taixu\ui\chat\ToolActivityPill.kt	352	private	fun	formatToolSummary	
feature\chat\src\main\java\top\wkbin\taixu\ui\chat\ToolDiffView.kt	51	private	val	DiffAddedBg	
feature\chat\src\main\java\top\wkbin\taixu\ui\chat\ToolDiffView.kt	52	private	val	DiffAddedText	
feature\chat\src\main\java\top\wkbin\taixu\ui\chat\ToolDiffView.kt	53	private	val	DiffRemovedBg	
feature\chat\src\main\java\top\wkbin\taixu\ui\chat\ToolDiffView.kt	54	private	val	DiffRemovedText	
feature\chat\src\main\java\top\wkbin\taixu\ui\chat\ToolDiffView.kt	55	private	val	TerminalBoxBg	
feature\chat\src\main\java\top\wkbin\taixu\ui\chat\ToolDiffView.kt	58	public	fun	ToolDiffView	@Composable
feature\chat\src\main\java\top\wkbin\taixu\ui\chat\ToolDiffView.kt	85	private	fun	EditToolDiff	@Composable
feature\chat\src\main\java\top\wkbin\taixu\ui\chat\ToolDiffView.kt	130	private	fun	DiffLine	@Composable
feature\chat\src\main\java\top\wkbin\taixu\ui\chat\ToolDiffView.kt	145	private	fun	WriteToolDiff	@Composable
feature\chat\src\main\java\top\wkbin\taixu\ui\chat\ToolDiffView.kt	191	private	fun	ReadToolDiff	@Composable
feature\chat\src\main\java\top\wkbin\taixu\ui\chat\ToolDiffView.kt	226	private	fun	BaseToolDiff	@Composable
feature\chat\src\main\java\top\wkbin\taixu\ui\chat\ToolDiffView.kt	285	private	fun	FilePathHeader	@Composable | @OptIn(androidx.compose.material3.ExperimentalMaterial3Api::class)
feature\chat\src\main\java\top\wkbin\taixu\ui\chat\artifact\ArtifactPreviewSheet.kt	73	public	class	ArtifactViewMode	
feature\chat\src\main\java\top\wkbin\taixu\ui\chat\artifact\ArtifactPreviewSheet.kt	89	public	fun	ArtifactPreviewSheet	@Composable | @OptIn(ExperimentalMaterial3Api::class)
feature\chat\src\main\java\top\wkbin\taixu\ui\chat\artifact\ArtifactPreviewSheet.kt	505	private	fun	ModeChip	@Composable
feature\chat\src\main\java\top\wkbin\taixu\ui\chat\floating\FloatingChatLifecycleOwner.kt	19	public	class	FloatingChatLifecycleOwner	
feature\chat\src\main\java\top\wkbin\taixu\ui\chat\floating\FloatingChatService.kt	39	public	class	FloatingChatService	@AndroidEntryPoint
feature\chat\src\main\java\top\wkbin\taixu\ui\chat\floating\FloatingChatView.kt	66	public	fun	FloatingChatView	@Composable
feature\chat\src\main\java\top\wkbin\taixu\ui\chat\floating\FloatingChatView.kt	111	private	fun	FloatingChatCapsule	@Composable
feature\chat\src\main\java\top\wkbin\taixu\ui\chat\floating\FloatingChatView.kt	208	private	fun	FloatingChatPanel	@Composable
feature\chat\src\test\java\top\wkbin\taixu\ui\chat\PlanStepParserTest.kt	7	public	class	PlanStepParserTest	
feature\chat\src\test\java\top\wkbin\taixu\ui\chat\RoundCollapseTest.kt	14	public	class	RoundCollapseTest	
feature\chat\src\test\java\top\wkbin\taixu\ui\chat\RuntimeTimelineGroupTest.kt	11	public	class	RuntimeTimelineGroupTest	
feature\components\src\main\java\top\wkbin\taixu\ui\components\ProviderBadge.kt	28	public	class	ProviderVisual	
feature\components\src\main\java\top\wkbin\taixu\ui\components\ProviderBadge.kt	38	public	fun	providerVisual	
feature\components\src\main\java\top\wkbin\taixu\ui\components\ProviderBadge.kt	48	private	val	PROVIDER_VISUALS	
feature\components\src\main\java\top\wkbin\taixu\ui\components\ProviderBadge.kt	86	public	fun	ProviderBadge	@Composable
feature\components\src\main\java\top\wkbin\taixu\ui\components\RuntimeComponents.kt	159	public	class	MainDestination	
feature\components\src\main\java\top\wkbin\taixu\ui\components\RuntimeComponents.kt	172	public	fun	RuntimeBottomBar	@Composable
feature\components\src\main\java\top\wkbin\taixu\ui\components\RuntimeComponents.kt	202	private	fun	StandardBottomBar	@Composable
feature\components\src\main\java\top\wkbin\taixu\ui\components\RuntimeComponents.kt	248	private	fun	LiquidGlassBottomBar	@Composable
feature\components\src\main\java\top\wkbin\taixu\ui\components\RuntimeComponents.kt	512	private	fun	PointerInputScope	
feature\components\src\main\java\top\wkbin\taixu\ui\components\RuntimeComponents.kt	534	private	fun	AwaitPointerEventScope	
feature\components\src\main\java\top\wkbin\taixu\ui\components\RuntimeComponents.kt	549	private	fun	AwaitPointerEventScope	
feature\components\src\main\java\top\wkbin\taixu\ui\components\RuntimeComponents.kt	568	public	fun	Modifier	@Composable
feature\components\src\main\java\top\wkbin\taixu\ui\components\RuntimeComponents.kt	575	public	fun	isLiquidGlassThemeActive	@Composable
feature\components\src\main\java\top\wkbin\taixu\ui\components\RuntimeComponents.kt	582	public	fun	RuntimeTopBar	@Composable | @OptIn(ExperimentalMaterial3Api::class)
feature\components\src\main\java\top\wkbin\taixu\ui\components\RuntimeComponents.kt	668	public	fun	TaiXuBrandBadge	@Composable
feature\components\src\main\java\top\wkbin\taixu\ui\components\RuntimeComponents.kt	687	public	fun	AppMark	@Composable
feature\components\src\main\java\top\wkbin\taixu\ui\components\RuntimeComponents.kt	690	public	fun	SectionHeader	@Composable
feature\components\src\main\java\top\wkbin\taixu\ui\components\RuntimeComponents.kt	725	public	fun	RuntimeCard	@Composable
feature\components\src\main\java\top\wkbin\taixu\ui\components\RuntimeComponents.kt	809	public	fun	RuntimeButton	@Composable
feature\components\src\main\java\top\wkbin\taixu\ui\components\RuntimeComponents.kt	903	public	fun	RuntimeSwitch	@Composable
feature\components\src\main\java\top\wkbin\taixu\ui\components\RuntimeComponents.kt	985	public	fun	RuntimeOutlinedButton	@Composable
feature\components\src\main\java\top\wkbin\taixu\ui\components\RuntimeComponents.kt	1004	public	fun	RuntimeFilledTonalButton	@Composable
feature\components\src\main\java\top\wkbin\taixu\ui\components\RuntimeComponents.kt	1016	public	fun	RuntimeTextButton	@Composable
feature\components\src\main\java\top\wkbin\taixu\ui\components\RuntimeComponents.kt	1065	public	fun	RuntimeIconButton	@Composable
feature\components\src\main\java\top\wkbin\taixu\ui\components\RuntimeComponents.kt	1104	public	fun	RuntimeLinearProgressIndicator	@Composable
feature\components\src\main\java\top\wkbin\taixu\ui\components\RuntimeComponents.kt	1161	public	fun	RuntimeCircularProgressIndicator	@Composable
feature\components\src\main\java\top\wkbin\taixu\ui\components\RuntimeComponents.kt	1193	public	fun	RuntimeCheckbox	@Composable
feature\components\src\main\java\top\wkbin\taixu\ui\components\RuntimeComponents.kt	1232	public	fun	RuntimeRadioButton	@Composable
feature\components\src\main\java\top\wkbin\taixu\ui\components\RuntimeComponents.kt	1264	public	fun	RuntimeSlider	@Composable
feature\components\src\main\java\top\wkbin\taixu\ui\components\RuntimeComponents.kt	1322	public	fun	RuntimeAlertDialog	@Composable
feature\components\src\main\java\top\wkbin\taixu\ui\components\RuntimeComponents.kt	1402	public	fun	StatusBadge	@Composable
feature\components\src\main\java\top\wkbin\taixu\ui\components\RuntimeComponents.kt	1448	public	fun	IconTile	@Composable
feature\components\src\main\java\top\wkbin\taixu\ui\components\RuntimeComponents.kt	1467	public	fun	InfoRow	@Composable
feature\components\src\main\java\top\wkbin\taixu\ui\components\RuntimeComponents.kt	1499	public	fun	CodeBlockRow	@Composable
feature\components\src\main\java\top\wkbin\taixu\ui\components\RuntimeComponents.kt	1533	public	fun	EmptyPanel	@Composable
feature\components\src\main\java\top\wkbin\taixu\ui\components\RuntimeComponents.kt	1568	public	fun	NoticeBanner	@Composable
feature\components\src\main\java\top\wkbin\taixu\ui\components\RuntimeComponents.kt	1609	public	fun	Modifier	
feature\components\src\main\java\top\wkbin\taixu\ui\components\RuntimeIcon.kt	10	public	class	RuntimeIconName	
feature\components\src\main\java\top\wkbin\taixu\ui\components\RuntimeIcon.kt	32	public	fun	RuntimeIcon	@Composable
feature\components\src\main\java\top\wkbin\taixu\ui\components\RuntimeIcon.kt	145	private	val	COLORFUL_BRAND_ICONS	
feature\components\src\main\java\top\wkbin\taixu\ui\components\RuntimeIcon.kt	160	public	fun	distroIconFor	
feature\components\src\main\java\top\wkbin\taixu\ui\components\RuntimeIcon.kt	174	public	fun	projectTypeIconFor	
feature\components\src\main\java\top\wkbin\taixu\ui\components\SpotlightGuide.kt	59	public	class	SpotlightAnchor	@Stable
feature\components\src\main\java\top\wkbin\taixu\ui\components\SpotlightGuide.kt	65	public	fun	rememberSpotlightAnchor	@Composable
feature\components\src\main\java\top\wkbin\taixu\ui\components\SpotlightGuide.kt	68	public	fun	Modifier	
feature\components\src\main\java\top\wkbin\taixu\ui\components\SpotlightGuide.kt	79	public	fun	SpotlightGuideOverlay	@Composable
feature\components\src\main\java\top\wkbin\taixu\ui\components\SyntaxHighlighter.kt	10	public	object	SyntaxHighlighter	
feature\components\src\main\java\top\wkbin\taixu\ui\components\TaiXuGlassSurface.kt	34	public	fun	TaiXuGlassPanel	@Composable
feature\components\src\main\java\top\wkbin\taixu\ui\components\TaiXuGlassSurface.kt	107	public	fun	Modifier	
feature\custom_iteration\src\main\java\top\wkbin\taixu\iteration\engine\CustomIterationBootstrap.kt	15	public	object	CustomIterationBootstrap	
feature\custom_iteration\src\main\java\top\wkbin\taixu\iteration\engine\TaiXuDevBuildCoordinator.kt	11	public	object	TaiXuDevBuildCoordinator	
feature\custom_iteration\src\main\java\top\wkbin\taixu\ui\iteration\CustomIterationScreen.kt	42	public	fun	CustomIterationScreen	@Composable
feature\custom_iteration\src\main\java\top\wkbin\taixu\ui\iteration\CustomIterationScreen.kt	153	private	fun	IterationFeatureItem	@Composable
feature\custom_iteration\src\main\java\top\wkbin\taixu\ui\iteration\CustomIterationViewModel.kt	18	public	class	CustomIterationViewModel	@HiltViewModel
feature\developer\src\main\java\top\wkbin\taixu\ui\developer\DeveloperLocalization.kt	22	private	fun	localizedResource	@StringRes
feature\developer\src\main\java\top\wkbin\taixu\ui\developer\DeveloperLocalization.kt	135	private	fun	resolveLocalizedString	@Composable
feature\developer\src\main\java\top\wkbin\taixu\ui\developer\DeveloperLocalization.kt	157	public	fun	LocalizedText	@Composable
feature\developer\src\main\java\top\wkbin\taixu\ui\developer\DeveloperLocalization.kt	176	public	fun	LocalizedText	@Composable
feature\developer\src\main\java\top\wkbin\taixu\ui\developer\DeveloperScreen.kt	58	public	fun	DeveloperScreen	@Composable
feature\developer\src\main\java\top\wkbin\taixu\ui\developer\DeveloperScreen.kt	420	private	fun	RuntimeControlCard	@Composable
feature\developer\src\main\java\top\wkbin\taixu\ui\developer\DeveloperScreen.kt	515	private	fun	ResourceHeader	@Composable
feature\developer\src\main\java\top\wkbin\taixu\ui\developer\DeveloperScreen.kt	526	private	fun	Long	
feature\developer\src\main\java\top\wkbin\taixu\ui\developer\DeveloperScreen.kt	535	private	fun	describeState	
feature\developer\src\main\java\top\wkbin\taixu\ui\developer\DeveloperScreen.kt	542	private	fun	displayStep	
feature\developer\src\main\java\top\wkbin\taixu\ui\developer\DeveloperViewModel.kt	31	public	class	DeveloperViewModel	@HiltViewModel
feature\home\src\main\java\top\wkbin\taixu\ui\home\HomeScreen.kt	102	private	val	DOCTOR_CHECK_MIN_INTERVAL_MS	
feature\home\src\main\java\top\wkbin\taixu\ui\home\HomeScreen.kt	108	private	fun	healthyStatusColor	@Composable
feature\home\src\main\java\top\wkbin\taixu\ui\home\HomeScreen.kt	112	private	fun	warningStatusColor	@Composable
feature\home\src\main\java\top\wkbin\taixu\ui\home\HomeScreen.kt	120	public	fun	HomeScreen	@Composable
feature\home\src\main\java\top\wkbin\taixu\ui\home\HomeScreen.kt	347	private	fun	EnvironmentDoctorCard	@Composable
feature\home\src\main\java\top\wkbin\taixu\ui\home\HomeScreen.kt	655	private	fun	DoctorItemRow	@Composable
feature\home\src\main\java\top\wkbin\taixu\ui\home\HomeScreen.kt	757	private	fun	AndroidEnvAcquisitionCard	@Composable
feature\home\src\main\java\top\wkbin\taixu\ui\home\HomeScreen.kt	837	private	val	TAIXU_QQ_GROUP_ID	
feature\home\src\main\java\top\wkbin\taixu\ui\home\HomeScreen.kt	840	private	fun	joinQqGroup	
feature\home\src\main\java\top\wkbin\taixu\ui\home\HomeScreen.kt	861	private	fun	RuntimeEngineStatusCard	@Composable | @OptIn(androidx.compose.foundation.layout.ExperimentalLayoutApi::class)
feature\home\src\main\java\top\wkbin\taixu\ui\home\HomeScreen.kt	1079	private	fun	ExecutionModeBadge	@Composable
feature\home\src\main\java\top\wkbin\taixu\ui\home\HomeScreen.kt	1168	private	fun	ResourceMetricCard	@Composable
feature\home\src\main\java\top\wkbin\taixu\ui\home\HomeScreen.kt	1250	private	fun	ActiveTasksStatusCard	@Composable
feature\home\src\main\java\top\wkbin\taixu\ui\home\HomeScreen.kt	1314	private	fun	SystemSpecsCard	@Composable
feature\home\src\main\java\top\wkbin\taixu\ui\home\HomeScreen.kt	1343	private	fun	SpecRow	@Composable
feature\home\src\main\java\top\wkbin\taixu\ui\home\HomeScreen.kt	1377	private	fun	PulsingStatusDot	@Composable
feature\home\src\main\java\top\wkbin\taixu\ui\home\HomeScreen.kt	1413	private	fun	WebChatDashboardCard	@Composable
feature\home\src\main\java\top\wkbin\taixu\ui\home\HomeViewModel.kt	37	public	class	ExecutionModeStatus	
feature\home\src\main\java\top\wkbin\taixu\ui\home\HomeViewModel.kt	48	public	class	SystemResourceMetrics	
feature\home\src\main\java\top\wkbin\taixu\ui\home\HomeViewModel.kt	66	public	class	HomeViewModel	@HiltViewModel
feature\navigation\src\main\java\top\wkbin\taixu\ui\navigation\TaiXuNavHost.kt	54	public	interface	AppDestination	@Serializable
feature\navigation\src\main\java\top\wkbin\taixu\ui\navigation\TaiXuNavHost.kt	100	public	fun	TaiXuNavHost	@Composable
feature\navigation\src\main\java\top\wkbin\taixu\ui\navigation\TaiXuNavHost.kt	450	private	class	HealingTask	
feature\onboarding\src\main\java\top\wkbin\taixu\ui\onboarding\OnboardingScreen.kt	89	private	class	SetupOption	
feature\onboarding\src\main\java\top\wkbin\taixu\ui\onboarding\OnboardingScreen.kt	91	private	val	distributionOptions	
feature\onboarding\src\main\java\top\wkbin\taixu\ui\onboarding\OnboardingScreen.kt	97	public	fun	OnboardingScreen	@Composable
feature\onboarding\src\main\java\top\wkbin\taixu\ui\onboarding\OnboardingScreen.kt	108	private	fun	SystemSetupPage	@Composable
feature\onboarding\src\main\java\top\wkbin\taixu\ui\onboarding\OnboardingScreen.kt	267	private	fun	ModelSetupPage	@Composable | @OptIn(ExperimentalMaterial3Api::class, ExperimentalLayoutApi::class)
feature\onboarding\src\main\java\top\wkbin\taixu\ui\onboarding\OnboardingScreen.kt	635	private	fun	Intro	@Composable
feature\onboarding\src\main\java\top\wkbin\taixu\ui\onboarding\OnboardingScreen.kt	654	private	fun	SetupDropdown	@Composable | @OptIn(ExperimentalMaterial3Api::class)
feature\onboarding\src\main\java\top\wkbin\taixu\ui\onboarding\OnboardingScreen.kt	698	private	fun	OnboardingModelImportDialog	@Composable
feature\onboarding\src\main\java\top\wkbin\taixu\ui\onboarding\OnboardingViewModel.kt	34	public	class	OnboardingStatus	
feature\onboarding\src\main\java\top\wkbin\taixu\ui\onboarding\OnboardingViewModel.kt	36	public	class	StarterPlugin	
feature\onboarding\src\main\java\top\wkbin\taixu\ui\onboarding\OnboardingViewModel.kt	45	public	class	OnboardingViewModel	@HiltViewModel
feature\settings\src\main\java\top\wkbin\taixu\ui\settings\AgentSettingsScreen.kt	75	public	class	AgentSettingsCategory	
feature\settings\src\main\java\top\wkbin\taixu\ui\settings\AgentSettingsScreen.kt	78	public	fun	AgentSettingsScreen	@Composable
feature\settings\src\main\java\top\wkbin\taixu\ui\settings\AgentSettingsScreen.kt	586	private	fun	BaseCommandTimeoutSliderRow	@Composable
feature\settings\src\main\java\top\wkbin\taixu\ui\settings\AgentSettingsScreen.kt	627	private	fun	AgentSettingsGroup	@Composable
feature\settings\src\main\java\top\wkbin\taixu\ui\settings\AgentSettingsScreen.kt	639	private	fun	AgentBlockTitle	@Composable
feature\settings\src\main\java\top\wkbin\taixu\ui\settings\AgentSettingsScreen.kt	649	private	fun	AgentToggleRow	@Composable
feature\settings\src\main\java\top\wkbin\taixu\ui\settings\AgentSettingsScreen.kt	690	private	fun	ApprovalModeSelectorRow	@Composable | @OptIn(ExperimentalLayoutApi::class)
feature\settings\src\main\java\top\wkbin\taixu\ui\settings\AgentSettingsScreen.kt	732	private	fun	AgentDepartmentCard	@Composable
feature\settings\src\main\java\top\wkbin\taixu\ui\settings\AgentSettingsScreen.kt	783	private	fun	SubagentProfileCard	@Composable
feature\settings\src\main\java\top\wkbin\taixu\ui\settings\AgentSettingsScreen.kt	870	private	fun	RoundsSliderRow	@Composable
feature\settings\src\main\java\top\wkbin\taixu\ui\settings\AgentSettingsScreen.kt	909	private	fun	ThresholdSliderRow	@Composable
feature\settings\src\main\java\top\wkbin\taixu\ui\settings\AgentSettingsScreen.kt	948	private	fun	ContextBudgetSliderRow	@Composable
feature\settings\src\main\java\top\wkbin\taixu\ui\settings\AgentSettingsScreen.kt	987	private	fun	ToolsPerRoundSliderRow	@Composable
feature\settings\src\main\java\top\wkbin\taixu\ui\settings\AgentSettingsScreen.kt	1026	private	fun	ConsecutiveFailuresSliderRow	@Composable
feature\settings\src\main\java\top\wkbin\taixu\ui\settings\AgentSettingsScreen.kt	1065	private	fun	SkillCard	@Composable
feature\settings\src\main\java\top\wkbin\taixu\ui\settings\AgentSettingsScreen.kt	1164	private	fun	PluginCard	@Composable
feature\settings\src\main\java\top\wkbin\taixu\ui\settings\AgentSettingsScreen.kt	1216	private	fun	AddSkillDialog	@Composable
feature\settings\src\main\java\top\wkbin\taixu\ui\settings\AgentSettingsScreen.kt	1283	private	fun	SubagentEditorDialog	@Composable
feature\settings\src\main\java\top\wkbin\taixu\ui\settings\AgentSettingsScreen.kt	1363	private	fun	ThinkingLanguageSelectorRow	@Composable | @OptIn(ExperimentalLayoutApi::class)
feature\settings\src\main\java\top\wkbin\taixu\ui\settings\AgentSettingsScreen.kt	1414	private	fun	SystemPromptCustomCard	@Composable | @OptIn(ExperimentalLayoutApi::class)
feature\settings\src\main\java\top\wkbin\taixu\ui\settings\AppearanceSettingsScreen.kt	71	public	fun	AppearanceSettingsScreen	@Composable
feature\settings\src\main\java\top\wkbin\taixu\ui\settings\AppearanceSettingsScreen.kt	426	private	fun	TerminalPreviewCard	@Composable
feature\settings\src\main\java\top\wkbin\taixu\ui\settings\AppearanceSettingsScreen.kt	505	private	fun	ChengmingBackgroundPreview	@Composable
feature\settings\src\main\java\top\wkbin\taixu\ui\settings\AppearanceSettingsScreen.kt	526	private	fun	TerminalThemeChip	@Composable
feature\settings\src\main\java\top\wkbin\taixu\ui\settings\AppearanceSettingsScreen.kt	573	private	fun	ThemeOptionRow	@Composable
feature\settings\src\main\java\top\wkbin\taixu\ui\settings\AppManagementScreen.kt	46	public	fun	AppManagementScreen	@Composable
feature\settings\src\main\java\top\wkbin\taixu\ui\settings\AppManagementScreen.kt	132	private	fun	AndroidAppRow	@Composable
feature\settings\src\main\java\top\wkbin\taixu\ui\settings\AppManagementScreen.kt	172	private	fun	AndroidAppIcon	@Composable
feature\settings\src\main\java\top\wkbin\taixu\ui\settings\AppManagementViewModel.kt	18	public	class	AppManagementViewModel	@HiltViewModel
feature\settings\src\main\java\top\wkbin\taixu\ui\settings\DistroManagementScreen.kt	78	public	fun	DistroManagementScreen	@Composable
feature\settings\src\main\java\top\wkbin\taixu\ui\settings\DistroManagementScreen.kt	245	private	fun	ResetDistroConfirmDialog	@Composable
feature\settings\src\main\java\top\wkbin\taixu\ui\settings\DistroManagementScreen.kt	305	private	fun	DeleteDistroConfirmDialog	@Composable
feature\settings\src\main\java\top\wkbin\taixu\ui\settings\DistroManagementScreen.kt	365	private	fun	DistroItemCard	@Composable
feature\settings\src\main\java\top\wkbin\taixu\ui\settings\DistroManagementScreen.kt	523	private	fun	InstallDistroDialog	@Composable
feature\settings\src\main\java\top\wkbin\taixu\ui\settings\DistroManagementScreen.kt	679	private	fun	formatSize	
feature\settings\src\main\java\top\wkbin\taixu\ui\settings\LocalLlmScreen.kt	53	public	fun	LocalLlmScreen	@Composable
feature\settings\src\main\java\top\wkbin\taixu\ui\settings\LocalLlmScreen.kt	327	private	fun	MobileModelPresetCard	@Composable
feature\settings\src\main\java\top\wkbin\taixu\ui\settings\LocalLlmScreen.kt	407	private	fun	ModelSpecChip	@Composable
feature\settings\src\main\java\top\wkbin\taixu\ui\settings\LocalLlmScreen.kt	422	private	fun	ServiceStatusCard	@Composable
feature\settings\src\main\java\top\wkbin\taixu\ui\settings\LocalLlmScreen.kt	472	private	fun	ModelCard	@Composable
feature\settings\src\main\java\top\wkbin\taixu\ui\settings\LocalLlmScreen.kt	526	private	fun	DownloadModelDialog	@Composable
feature\settings\src\main\java\top\wkbin\taixu\ui\settings\LocalLlmScreen.kt	577	private	fun	ImportPathDialog	@Composable
feature\settings\src\main\java\top\wkbin\taixu\ui\settings\LocalLlmScreen.kt	618	private	fun	DeleteModelConfirmDialog	@Composable
feature\settings\src\main\java\top\wkbin\taixu\ui\settings\LocalLlmScreen.kt	673	private	fun	formatBytes	
feature\settings\src\main\java\top\wkbin\taixu\ui\settings\LocalLlmScreen.kt	680	private	fun	formatRam	
feature\settings\src\main\java\top\wkbin\taixu\ui\settings\LocalLlmViewModel.kt	29	public	class	LocalModelTransferUiState	
feature\settings\src\main\java\top\wkbin\taixu\ui\settings\LocalLlmViewModel.kt	39	public	class	MobileModelPreset	
feature\settings\src\main\java\top\wkbin\taixu\ui\settings\LocalLlmViewModel.kt	52	public	class	LocalLlmViewModel	@HiltViewModel
feature\settings\src\main\java\top\wkbin\taixu\ui\settings\McpSettingsScreen.kt	86	public	fun	McpSettingsScreen	@Composable
feature\settings\src\main\java\top\wkbin\taixu\ui\settings\McpSettingsScreen.kt	292	private	fun	BrowserGatesCard	@Composable
feature\settings\src\main\java\top\wkbin\taixu\ui\settings\McpSettingsScreen.kt	345	private	fun	BrowserGateRow	@Composable
feature\settings\src\main\java\top\wkbin\taixu\ui\settings\McpSettingsScreen.kt	379	private	fun	McpSectionHeader	@Composable
feature\settings\src\main\java\top\wkbin\taixu\ui\settings\McpSettingsScreen.kt	403	private	fun	McpServerItemCard	@Composable
feature\settings\src\main\java\top\wkbin\taixu\ui\settings\McpSettingsScreen.kt	476	private	fun	McpConnectionDot	@Composable
feature\settings\src\main\java\top\wkbin\taixu\ui\settings\McpSettingsScreen.kt	497	private	fun	McpServerDetailDialog	@Composable
feature\settings\src\main\java\top\wkbin\taixu\ui\settings\McpSettingsScreen.kt	741	private	fun	AddMcpServerDialog	@Composable
feature\settings\src\main\java\top\wkbin\taixu\ui\settings\McpSettingsScreen.kt	1008	private	fun	parseMcpJson	
feature\settings\src\main\java\top\wkbin\taixu\ui\settings\ModelEditorScreen.kt	98	public	fun	ModelEditorScreen	@Composable
feature\settings\src\main\java\top\wkbin\taixu\ui\settings\ModelEditorScreen.kt	209	private	fun	ModelEditorContent	@Composable | @OptIn(ExperimentalMaterial3Api::class, ExperimentalLayoutApi::class)
feature\settings\src\main\java\top\wkbin\taixu\ui\settings\ModelEditorScreen.kt	1243	private	fun	PresetChip	@Composable
feature\settings\src\main\java\top\wkbin\taixu\ui\settings\ModelEditorScreen.kt	1266	private	fun	EditorToggleRow	@Composable
feature\settings\src\main\java\top\wkbin\taixu\ui\settings\ModelEditorScreen.kt	1303	private	fun	BatchImportKeysDialog	@Composable
feature\settings\src\main\java\top\wkbin\taixu\ui\settings\ModelEditorScreen.kt	1390	private	fun	QuickImportJsonDialog	@Composable
feature\settings\src\main\java\top\wkbin\taixu\ui\settings\ModelEditorScreen.kt	1454	private	fun	ProviderPickerDialog	@Composable
feature\settings\src\main\java\top\wkbin\taixu\ui\settings\ModelEditorScreen.kt	1679	private	fun	ProviderFilterChip	@Composable
feature\settings\src\main\java\top\wkbin\taixu\ui\settings\ModelProfilesScreen.kt	83	public	fun	ModelProfilesScreen	@Composable
feature\settings\src\main\java\top\wkbin\taixu\ui\settings\ModelProfilesScreen.kt	232	private	fun	ModelProfilesContent	@Composable | @OptIn(ExperimentalLayoutApi::class)
feature\settings\src\main\java\top\wkbin\taixu\ui\settings\ModelProfilesScreen.kt	291	private	fun	ModelProfileCard	@Composable | @OptIn(ExperimentalLayoutApi::class)
feature\settings\src\main\java\top\wkbin\taixu\ui\settings\ModelProfilesScreen.kt	497	public	fun	ModelImportDialog	@Composable
feature\settings\src\main\java\top\wkbin\taixu\ui\settings\ModelProfilesScreen.kt	632	public	fun	ModelExportDialog	@Composable
feature\settings\src\main\java\top\wkbin\taixu\ui\settings\QuickPhrasesScreen.kt	69	public	fun	QuickPhrasesScreen	@Composable
feature\settings\src\main\java\top\wkbin\taixu\ui\settings\QuickPhrasesScreen.kt	295	private	fun	QuickPhraseCard	@Composable
feature\settings\src\main\java\top\wkbin\taixu\ui\settings\QuickPhrasesScreen.kt	460	private	fun	QuickPhraseEditorDialog	@Composable | @OptIn(ExperimentalMaterial3Api::class)
feature\settings\src\main\java\top\wkbin\taixu\ui\settings\QuickPhrasesScreen.kt	639	private	fun	parseIconName	
feature\settings\src\main\java\top\wkbin\taixu\ui\settings\RomAutostartHelper.kt	19	public	object	RomAutostartHelper	
feature\settings\src\main\java\top\wkbin\taixu\ui\settings\SettingsLocalization.kt	22	private	fun	legacyStringResource	@StringRes
feature\settings\src\main\java\top\wkbin\taixu\ui\settings\SettingsLocalization.kt	528	private	fun	resolveLegacyString	@Composable
feature\settings\src\main\java\top\wkbin\taixu\ui\settings\SettingsLocalization.kt	572	public	fun	LocalizedText	@Composable
feature\settings\src\main\java\top\wkbin\taixu\ui\settings\SettingsLocalization.kt	600	public	fun	LocalizedText	@Composable
feature\settings\src\main\java\top\wkbin\taixu\ui\settings\SettingsScreen.kt	112	public	fun	SettingsScreen	@Composable
feature\settings\src\main\java\top\wkbin\taixu\ui\settings\SettingsScreen.kt	243	private	fun	SettingsCategoryCard	@Composable
feature\settings\src\main\java\top\wkbin\taixu\ui\settings\SettingsScreen.kt	326	public	fun	AgentEcoSettingsScreen	@Composable
feature\settings\src\main\java\top\wkbin\taixu\ui\settings\SettingsScreen.kt	429	public	fun	LinuxEnvironmentSettingsScreen	@Composable
feature\settings\src\main\java\top\wkbin\taixu\ui\settings\SettingsScreen.kt	601	public	fun	EnvironmentVariableSettingsScreen	@Composable
feature\settings\src\main\java\top\wkbin\taixu\ui\settings\SettingsScreen.kt	820	private	fun	EnvironmentVariableEditor	@Composable
feature\settings\src\main\java\top\wkbin\taixu\ui\settings\SettingsScreen.kt	863	public	fun	SystemDevSettingsScreen	@Composable
feature\settings\src\main\java\top\wkbin\taixu\ui\settings\SettingsScreen.kt	1049	public	fun	AboutCommunityScreen	@Composable
feature\settings\src\main\java\top\wkbin\taixu\ui\settings\SettingsScreen.kt	1215	private	val	SPONSOR_EMAIL	
feature\settings\src\main\java\top\wkbin\taixu\ui\settings\SettingsScreen.kt	1217	private	val	SPONSOR_ALIPAY_QR_RES	
feature\settings\src\main\java\top\wkbin\taixu\ui\settings\SettingsScreen.kt	1218	private	val	SPONSOR_WECHAT_QR_RES	
feature\settings\src\main\java\top\wkbin\taixu\ui\settings\SettingsScreen.kt	1219	private	val	SponsorAccent	
feature\settings\src\main\java\top\wkbin\taixu\ui\settings\SettingsScreen.kt	1225	public	fun	SponsorScreen	@Composable
feature\settings\src\main\java\top\wkbin\taixu\ui\settings\SettingsScreen.kt	1395	private	fun	SponsorQrDialog	@Composable
feature\settings\src\main\java\top\wkbin\taixu\ui\settings\SettingsScreen.kt	1460	private	fun	sendSponsorEmail	
feature\settings\src\main\java\top\wkbin\taixu\ui\settings\SettingsScreen.kt	1486	private	fun	SponsorKindGroup	@Composable
feature\settings\src\main\java\top\wkbin\taixu\ui\settings\SettingsScreen.kt	1518	private	fun	SponsorChip	@Composable
feature\settings\src\main\java\top\wkbin\taixu\ui\settings\SettingsScreen.kt	1580	private	fun	ExecutionModeDialog	@Composable
feature\settings\src\main\java\top\wkbin\taixu\ui\settings\SettingsScreen.kt	1634	private	fun	ExecutionModeOptionItem	@Composable
feature\settings\src\main\java\top\wkbin\taixu\ui\settings\SettingsScreen.kt	1686	private	fun	BatteryOptimizationDialog	@Composable
feature\settings\src\main\java\top\wkbin\taixu\ui\settings\SettingsScreen.kt	1786	private	fun	PhantomProcessLimitDialog	@Composable
feature\settings\src\main\java\top\wkbin\taixu\ui\settings\SettingsScreen.kt	1941	private	fun	isIgnoringBatteryOptimizations	
feature\settings\src\main\java\top\wkbin\taixu\ui\settings\SettingsScreen.kt	1946	private	fun	ThemeSelectionDialog	@Composable
feature\settings\src\main\java\top\wkbin\taixu\ui\settings\SettingsScreen.kt	1999	private	fun	ThemeOptionItem	@Composable
feature\settings\src\main\java\top\wkbin\taixu\ui\settings\SettingsScreen.kt	2049	private	fun	AboutAppDialog	@Composable
feature\settings\src\main\java\top\wkbin\taixu\ui\settings\SettingsScreen.kt	2085	private	fun	UpdateInfoDialog	@Composable
feature\settings\src\main\java\top\wkbin\taixu\ui\settings\SettingsScreen.kt	2176	private	fun	joinQqGroup	
feature\settings\src\main\java\top\wkbin\taixu\ui\settings\SettingsScreen.kt	2192	private	fun	openBrowser	
feature\settings\src\main\java\top\wkbin\taixu\ui\settings\SettingsScreen.kt	2207	internal	fun	SettingsGroup	@Composable
feature\settings\src\main\java\top\wkbin\taixu\ui\settings\SettingsScreen.kt	2219	internal	fun	SettingsRow	@Composable
feature\settings\src\main\java\top\wkbin\taixu\ui\settings\SettingsScreen.kt	2288	internal	fun	ToggleRow	@Composable
feature\settings\src\main\java\top\wkbin\taixu\ui\settings\SettingsScreen.kt	2326	public	fun	WebChatBridgeDialog	@Composable
feature\settings\src\main\java\top\wkbin\taixu\ui\settings\SettingsScreen.kt	2459	public	fun	rememberAppVersion	@Composable
feature\settings\src\main\java\top\wkbin\taixu\ui\settings\SettingsViewModel.kt	52	public	class	SettingsViewModel	@HiltViewModel
feature\settings\src\main\java\top\wkbin\taixu\ui\settings\SettingsViewModel.kt	1302	public	class	BrowserGateState	
feature\settings\src\main\java\top\wkbin\taixu\ui\settings\SponsorListRepository.kt	29	public	class	SponsorSource	@Serializable
feature\settings\src\main\java\top\wkbin\taixu\ui\settings\SponsorListRepository.kt	36	public	class	SponsorKind	@Serializable
feature\settings\src\main\java\top\wkbin\taixu\ui\settings\SponsorListRepository.kt	44	public	class	SponsorEntry	@Serializable
feature\settings\src\main\java\top\wkbin\taixu\ui\settings\SponsorListRepository.kt	60	public	class	SponsorListDto	@Serializable
feature\settings\src\main\java\top\wkbin\taixu\ui\settings\SponsorListRepository.kt	63	public	class	SponsorListRepository	@Singleton
feature\settings\src\main\java\top\wkbin\taixu\ui\settings\SponsorListViewModel.kt	12	public	interface	SponsorListUiState	
feature\settings\src\main\java\top\wkbin\taixu\ui\settings\SponsorListViewModel.kt	23	public	class	SponsorListViewModel	@HiltViewModel
feature\settings\src\main\java\top\wkbin\taixu\ui\settings\SshSettingsScreen.kt	58	public	fun	SshSettingsScreen	@Composable
feature\settings\src\main\java\top\wkbin\taixu\ui\settings\SshSettingsScreen.kt	344	private	fun	SectionLabel	@Composable
feature\settings\src\main\java\top\wkbin\taixu\ui\settings\SshSettingsScreen.kt	353	private	fun	copyText	
feature\settings\src\main\java\top\wkbin\taixu\ui\settings\SshSettingsScreen.kt	360	private	fun	PasswordSettingsDialog	@Composable
feature\settings\src\main\java\top\wkbin\taixu\ui\settings\SshSettingsViewModel.kt	26	public	class	SshSettingsUiState	
feature\settings\src\main\java\top\wkbin\taixu\ui\settings\SshSettingsViewModel.kt	41	public	class	SshSettingsViewModel	@HiltViewModel
feature\settings\src\main\java\top\wkbin\taixu\ui\settings\StatusColors.kt	13	internal	fun	successStatusColor	@Composable
feature\settings\src\main\java\top\wkbin\taixu\ui\settings\StatusColors.kt	17	internal	fun	warningStatusColor	@Composable
feature\settings\src\main\java\top\wkbin\taixu\ui\settings\StorageMountSettingsScreen.kt	63	public	fun	StorageMountSettingsScreen	@Composable
feature\settings\src\main\java\top\wkbin\taixu\ui\settings\StorageMountSettingsScreen.kt	299	private	fun	MountToggleRow	@Composable
feature\settings\src\main\java\top\wkbin\taixu\ui\settings\StorageMountSettingsScreen.kt	349	private	fun	AddMountDialog	@Composable
feature\settings\src\main\java\top\wkbin\taixu\ui\settings\StorageUsageScreen.kt	72	public	fun	StorageUsageScreen	@Composable
feature\settings\src\main\java\top\wkbin\taixu\ui\settings\StorageUsageScreen.kt	351	private	fun	StorageDashboardCard	@Composable
feature\settings\src\main\java\top\wkbin\taixu\ui\settings\StorageUsageScreen.kt	536	private	fun	SmartCleanupCards	@Composable
feature\settings\src\main\java\top\wkbin\taixu\ui\settings\StorageUsageScreen.kt	734	private	fun	StorageCategoryDetailCard	@Composable
feature\settings\src\main\java\top\wkbin\taixu\ui\settings\StorageUsageScreen.kt	855	private	fun	StorageEntryRow	@Composable
feature\settings\src\main\java\top\wkbin\taixu\ui\settings\StorageUsageScreen.kt	981	private	fun	RiskBadge	@Composable
feature\settings\src\main\java\top\wkbin\taixu\ui\settings\StorageUsageScreen.kt	1022	private	fun	categoryIcon	
feature\settings\src\main\java\top\wkbin\taixu\ui\settings\StorageUsageScreen.kt	1038	private	fun	categoryColor	
feature\settings\src\main\java\top\wkbin\taixu\ui\settings\StorageUsageScreen.kt	1053	private	fun	Long	
feature\settings\src\main\java\top\wkbin\taixu\ui\settings\StorageUsageViewModel.kt	19	public	class	StorageFilter	
feature\settings\src\main\java\top\wkbin\taixu\ui\settings\StorageUsageViewModel.kt	26	public	interface	CleanupDialogTarget	
feature\settings\src\main\java\top\wkbin\taixu\ui\settings\StorageUsageViewModel.kt	33	public	class	StorageUsageUiState	
feature\settings\src\main\java\top\wkbin\taixu\ui\settings\StorageUsageViewModel.kt	57	public	class	StorageUsageViewModel	@HiltViewModel
feature\settings\src\main\java\top\wkbin\taixu\ui\settings\ToolCenterScreen.kt	88	public	fun	ToolCenterScreen	@Composable
feature\settings\src\main\java\top\wkbin\taixu\ui\settings\ToolCenterScreen.kt	1028	private	fun	formatBytes	
feature\settings\src\main\java\top\wkbin\taixu\ui\settings\ToolCenterScreen.kt	1041	private	fun	ToolBrandAvatar	@Composable
feature\settings\src\main\java\top\wkbin\taixu\ui\settings\ToolCenterScreen.kt	1118	private	fun	ToolCard	@Composable
feature\settings\src\main\java\top\wkbin\taixu\ui\settings\ToolCenterViewModel.kt	26	public	class	ToolCenterViewModel	@HiltViewModel
feature\settings\src\main\java\top\wkbin\taixu\ui\settings\ToolDetailScreen.kt	86	public	fun	ToolDetailScreen	@Composable
feature\settings\src\main\java\top\wkbin\taixu\ui\settings\ToolDetailScreen.kt	304	private	fun	DetailToolAvatar	@Composable
feature\settings\src\main\java\top\wkbin\taixu\ui\settings\ToolDetailScreen.kt	372	private	fun	ToolOverviewCard	@Composable
feature\settings\src\main\java\top\wkbin\taixu\ui\settings\ToolDetailScreen.kt	490	private	fun	GatewayManagementCard	@Composable
feature\settings\src\main\java\top\wkbin\taixu\ui\settings\ToolDetailScreen.kt	586	private	fun	ServiceLogsCard	@Composable
feature\settings\src\main\java\top\wkbin\taixu\ui\settings\ToolDetailScreen.kt	716	private	fun	ModelApplyCard	@Composable
feature\settings\src\main\java\top\wkbin\taixu\ui\settings\ToolDetailScreen.kt	872	private	fun	AutoStartCard	@Composable
feature\settings\src\main\java\top\wkbin\taixu\ui\settings\ToolDetailScreen.kt	905	private	fun	AccessLinkCard	@Composable
feature\settings\src\main\java\top\wkbin\taixu\ui\settings\ToolDetailScreen.kt	1103	private	fun	ToolMetadataCard	@Composable | @OptIn(androidx.compose.foundation.layout.ExperimentalLayoutApi::class)
feature\settings\src\main\java\top\wkbin\taixu\ui\settings\ToolDetailScreen.kt	1253	private	fun	ToolActionsCard	@Composable
feature\settings\src\main\java\top\wkbin\taixu\ui\settings\ToolDetailScreen.kt	1318	internal	fun	UninstallToolConfirmDialog	@Composable
feature\settings\src\main\java\top\wkbin\taixu\ui\settings\ToolDetailViewModel.kt	33	public	class	ToolDetailUiState	
feature\settings\src\main\java\top\wkbin\taixu\ui\settings\ToolDetailViewModel.kt	76	public	class	ToolDetailViewModel	@HiltViewModel | @OptIn(ExperimentalCoroutinesApi::class)
feature\settings\src\main\java\top\wkbin\taixu\ui\settings\ToolSelfHealingHelper.kt	6	public	object	ToolSelfHealingHelper	
feature\settings\src\main\java\top\wkbin\taixu\ui\settings\permission\PermissionGuideData.kt	16	public	class	PermissionStep	
feature\settings\src\main\java\top\wkbin\taixu\ui\settings\permission\PermissionGuideData.kt	25	public	class	OemBrand	
feature\settings\src\main\java\top\wkbin\taixu\ui\settings\permission\PermissionGuideData.kt	62	public	class	KeepaliveTopic	
feature\settings\src\main\java\top\wkbin\taixu\ui\settings\permission\PermissionGuideData.kt	103	public	object	PermissionGuideRepository	
feature\settings\src\main\java\top\wkbin\taixu\ui\settings\permission\PermissionGuideScreen.kt	64	public	fun	PermissionGuideScreen	@Composable
feature\settings\src\main\java\top\wkbin\taixu\ui\settings\permission\PermissionGuideScreen.kt	375	private	fun	launchSettingIntents	
feature\settings\src\main\java\top\wkbin\taixu\ui\settings\stats\StatsRepository.kt	27	public	class	StatsRepository	@Singleton
feature\settings\src\main\java\top\wkbin\taixu\ui\settings\stats\StatsScreen.kt	41	public	fun	StatsScreen	@Composable
feature\settings\src\main\java\top\wkbin\taixu\ui\settings\stats\StatsViewModel.kt	16	public	class	StatsUiState	
feature\settings\src\main\java\top\wkbin\taixu\ui\settings\stats\StatsViewModel.kt	24	public	class	StatsViewModel	@HiltViewModel
feature\settings\src\main\java\top\wkbin\taixu\ui\settings\stats\widgets\StatsHeatmap.kt	36	private	val	CellSize	
feature\settings\src\main\java\top\wkbin\taixu\ui\settings\stats\widgets\StatsHeatmap.kt	37	private	val	CellPadding	
feature\settings\src\main\java\top\wkbin\taixu\ui\settings\stats\widgets\StatsHeatmap.kt	38	private	val	CellPitch	
feature\settings\src\main\java\top\wkbin\taixu\ui\settings\stats\widgets\StatsHeatmap.kt	39	private	val	WeekdayLabelWidth	
feature\settings\src\main\java\top\wkbin\taixu\ui\settings\stats\widgets\StatsHeatmap.kt	40	private	val	MonthLabelHeight	
feature\settings\src\main\java\top\wkbin\taixu\ui\settings\stats\widgets\StatsHeatmap.kt	43	public	fun	StatsHeatmap	@Composable
feature\settings\src\main\java\top\wkbin\taixu\ui\settings\stats\widgets\StatsHeatmap.kt	156	private	fun	WeekdayLabels	@Composable
feature\settings\src\main\java\top\wkbin\taixu\ui\settings\stats\widgets\StatsHeatmap.kt	186	private	fun	HeatCell	@Composable
feature\settings\src\main\java\top\wkbin\taixu\ui\settings\stats\widgets\StatsHeatmap.kt	209	private	fun	calcLevel	
feature\settings\src\main\java\top\wkbin\taixu\ui\settings\stats\widgets\StatsHeatmap.kt	217	private	fun	quantile	
feature\settings\src\main\java\top\wkbin\taixu\ui\settings\stats\widgets\StatsHeatmap.kt	223	private	fun	calendarWeeks	
feature\settings\src\main\java\top\wkbin\taixu\ui\settings\stats\widgets\StatsMetricGrid.kt	28	public	fun	StatsMetricGrid	@Composable
feature\settings\src\main\java\top\wkbin\taixu\ui\settings\stats\widgets\StatsMetricGrid.kt	85	private	class	MetricItem	
feature\settings\src\main\java\top\wkbin\taixu\ui\settings\stats\widgets\StatsMetricGrid.kt	92	private	fun	MetricTile	@Composable
feature\settings\src\main\java\top\wkbin\taixu\ui\settings\stats\widgets\StatsMetricGrid.kt	140	private	fun	formatCompact	
feature\settings\src\main\java\top\wkbin\taixu\ui\settings\stats\widgets\StatsRankSection.kt	41	public	fun	StatsRankSection	@Composable
feature\settings\src\main\java\top\wkbin\taixu\ui\settings\stats\widgets\StatsRankSection.kt	111	private	fun	RankBody	@Composable
feature\settings\src\main\java\top\wkbin\taixu\ui\settings\stats\widgets\StatsRankSection.kt	173	private	fun	RankRow	@Composable
feature\settings\src\main\java\top\wkbin\taixu\ui\settings\stats\widgets\StatsSectionCard.kt	26	public	fun	StatsSectionCard	@Composable
feature\settings\src\main\java\top\wkbin\taixu\ui\settings\stats\widgets\StatsUsageChart.kt	39	public	fun	StatsUsageChart	@Composable
feature\settings\src\main\java\top\wkbin\taixu\ui\settings\stats\widgets\StatsUsageChart.kt	191	private	fun	formatTokens	
feature\settings\src\test\java\top\wkbin\taixu\ui\settings\ModelProfileImportExportTest.kt	13	public	class	ModelProfileImportExportTest	
feature\terminal\src\main\java\top\wkbin\taixu\ui\terminal\TerminalScreen.kt	115	private	val	MIN_TERMINAL_FONT_SIZE_SP	
feature\terminal\src\main\java\top\wkbin\taixu\ui\terminal\TerminalScreen.kt	116	private	val	MAX_TERMINAL_FONT_SIZE_SP	
feature\terminal\src\main\java\top\wkbin\taixu\ui\terminal\TerminalScreen.kt	123	public	fun	TerminalScreen	@Composable
feature\terminal\src\main\java\top\wkbin\taixu\ui\terminal\TerminalScreen.kt	626	private	fun	CreateTerminalDialog	@Composable
feature\terminal\src\main\java\top\wkbin\taixu\ui\terminal\TerminalScreen.kt	770	private	fun	TerminalDirOption	@Composable
feature\terminal\src\main\java\top\wkbin\taixu\ui\terminal\TerminalScreen.kt	806	private	fun	SessionListDialog	@Composable
feature\terminal\src\main\java\top\wkbin\taixu\ui\terminal\TerminalScreen.kt	976	private	fun	CloseSessionConfirmDialog	@Composable
feature\terminal\src\main\java\top\wkbin\taixu\ui\terminal\TerminalScreen.kt	1027	private	fun	ExtraKey	@Composable
feature\terminal\src\main\java\top\wkbin\taixu\ui\terminal\TerminalScreen.kt	1079	private	fun	TerminalDot	@Composable
feature\terminal\src\main\java\top\wkbin\taixu\ui\terminal\TerminalScreen.kt	1084	private	fun	TerminalLineRow	@Composable
feature\terminal\src\main\java\top\wkbin\taixu\ui\terminal\TerminalScreen.kt	1129	private	fun	doShowKeyboard	
feature\terminal\src\main\java\top\wkbin\taixu\ui\terminal\TerminalViewModel.kt	38	public	class	TerminalViewModel	@HiltViewModel | @OptIn(kotlinx.coroutines.ExperimentalCoroutinesApi::class)
feature\theme\src\main\java\top\wkbin\taixu\ui\theme\Color.kt	12	public	val	M3ExpLightPrimary	
feature\theme\src\main\java\top\wkbin\taixu\ui\theme\Color.kt	13	public	val	M3ExpLightOnPrimary	
feature\theme\src\main\java\top\wkbin\taixu\ui\theme\Color.kt	14	public	val	M3ExpLightPrimaryContainer	
feature\theme\src\main\java\top\wkbin\taixu\ui\theme\Color.kt	15	public	val	M3ExpLightOnPrimaryContainer	
feature\theme\src\main\java\top\wkbin\taixu\ui\theme\Color.kt	17	public	val	M3ExpDarkPrimary	
feature\theme\src\main\java\top\wkbin\taixu\ui\theme\Color.kt	18	public	val	M3ExpDarkOnPrimary	
feature\theme\src\main\java\top\wkbin\taixu\ui\theme\Color.kt	19	public	val	M3ExpDarkPrimaryContainer	
feature\theme\src\main\java\top\wkbin\taixu\ui\theme\Color.kt	20	public	val	M3ExpDarkOnPrimaryContainer	
feature\theme\src\main\java\top\wkbin\taixu\ui\theme\Color.kt	23	public	val	M3ExpLightSecondary	
feature\theme\src\main\java\top\wkbin\taixu\ui\theme\Color.kt	24	public	val	M3ExpLightOnSecondary	
feature\theme\src\main\java\top\wkbin\taixu\ui\theme\Color.kt	25	public	val	M3ExpLightSecondaryContainer	
feature\theme\src\main\java\top\wkbin\taixu\ui\theme\Color.kt	26	public	val	M3ExpLightOnSecondaryContainer	
feature\theme\src\main\java\top\wkbin\taixu\ui\theme\Color.kt	28	public	val	M3ExpDarkSecondary	
feature\theme\src\main\java\top\wkbin\taixu\ui\theme\Color.kt	29	public	val	M3ExpDarkOnSecondary	
feature\theme\src\main\java\top\wkbin\taixu\ui\theme\Color.kt	30	public	val	M3ExpDarkSecondaryContainer	
feature\theme\src\main\java\top\wkbin\taixu\ui\theme\Color.kt	31	public	val	M3ExpDarkOnSecondaryContainer	
feature\theme\src\main\java\top\wkbin\taixu\ui\theme\Color.kt	34	public	val	M3ExpLightTertiary	
feature\theme\src\main\java\top\wkbin\taixu\ui\theme\Color.kt	35	public	val	M3ExpLightOnTertiary	
feature\theme\src\main\java\top\wkbin\taixu\ui\theme\Color.kt	36	public	val	M3ExpLightTertiaryContainer	
feature\theme\src\main\java\top\wkbin\taixu\ui\theme\Color.kt	37	public	val	M3ExpLightOnTertiaryContainer	
feature\theme\src\main\java\top\wkbin\taixu\ui\theme\Color.kt	39	public	val	M3ExpDarkTertiary	
feature\theme\src\main\java\top\wkbin\taixu\ui\theme\Color.kt	40	public	val	M3ExpDarkOnTertiary	
feature\theme\src\main\java\top\wkbin\taixu\ui\theme\Color.kt	41	public	val	M3ExpDarkTertiaryContainer	
feature\theme\src\main\java\top\wkbin\taixu\ui\theme\Color.kt	42	public	val	M3ExpDarkOnTertiaryContainer	
feature\theme\src\main\java\top\wkbin\taixu\ui\theme\Color.kt	45	public	val	M3ExpLightSuccess	
feature\theme\src\main\java\top\wkbin\taixu\ui\theme\Color.kt	46	public	val	M3ExpLightSuccessContainer	
feature\theme\src\main\java\top\wkbin\taixu\ui\theme\Color.kt	47	public	val	M3ExpDarkSuccess	
feature\theme\src\main\java\top\wkbin\taixu\ui\theme\Color.kt	48	public	val	M3ExpDarkSuccessContainer	
feature\theme\src\main\java\top\wkbin\taixu\ui\theme\Color.kt	50	public	val	M3ExpLightWarning	
feature\theme\src\main\java\top\wkbin\taixu\ui\theme\Color.kt	51	public	val	M3ExpLightWarningContainer	
feature\theme\src\main\java\top\wkbin\taixu\ui\theme\Color.kt	52	public	val	M3ExpDarkWarning	
feature\theme\src\main\java\top\wkbin\taixu\ui\theme\Color.kt	53	public	val	M3ExpDarkWarningContainer	
feature\theme\src\main\java\top\wkbin\taixu\ui\theme\Color.kt	55	public	val	M3ExpLightError	
feature\theme\src\main\java\top\wkbin\taixu\ui\theme\Color.kt	56	public	val	M3ExpLightErrorContainer	
feature\theme\src\main\java\top\wkbin\taixu\ui\theme\Color.kt	57	public	val	M3ExpDarkError	
feature\theme\src\main\java\top\wkbin\taixu\ui\theme\Color.kt	58	public	val	M3ExpDarkErrorContainer	
feature\theme\src\main\java\top\wkbin\taixu\ui\theme\Color.kt	61	public	val	M3ExpLightBackground	
feature\theme\src\main\java\top\wkbin\taixu\ui\theme\Color.kt	62	public	val	M3ExpLightOnBackground	
feature\theme\src\main\java\top\wkbin\taixu\ui\theme\Color.kt	63	public	val	M3ExpLightSurface	
feature\theme\src\main\java\top\wkbin\taixu\ui\theme\Color.kt	64	public	val	M3ExpLightOnSurface	
feature\theme\src\main\java\top\wkbin\taixu\ui\theme\Color.kt	65	public	val	M3ExpLightSurfaceVariant	
feature\theme\src\main\java\top\wkbin\taixu\ui\theme\Color.kt	66	public	val	M3ExpLightOnSurfaceVariant	
feature\theme\src\main\java\top\wkbin\taixu\ui\theme\Color.kt	67	public	val	M3ExpLightSurfaceContainerLowest	
feature\theme\src\main\java\top\wkbin\taixu\ui\theme\Color.kt	68	public	val	M3ExpLightSurfaceContainerLow	
feature\theme\src\main\java\top\wkbin\taixu\ui\theme\Color.kt	69	public	val	M3ExpLightSurfaceContainer	
feature\theme\src\main\java\top\wkbin\taixu\ui\theme\Color.kt	70	public	val	M3ExpLightSurfaceContainerHigh	
feature\theme\src\main\java\top\wkbin\taixu\ui\theme\Color.kt	71	public	val	M3ExpLightSurfaceContainerHighest	
feature\theme\src\main\java\top\wkbin\taixu\ui\theme\Color.kt	72	public	val	M3ExpLightOutline	
feature\theme\src\main\java\top\wkbin\taixu\ui\theme\Color.kt	73	public	val	M3ExpLightOutlineVariant	
feature\theme\src\main\java\top\wkbin\taixu\ui\theme\Color.kt	76	public	val	M3ExpDarkBackground	
feature\theme\src\main\java\top\wkbin\taixu\ui\theme\Color.kt	77	public	val	M3ExpDarkOnBackground	
feature\theme\src\main\java\top\wkbin\taixu\ui\theme\Color.kt	78	public	val	M3ExpDarkSurface	
feature\theme\src\main\java\top\wkbin\taixu\ui\theme\Color.kt	79	public	val	M3ExpDarkOnSurface	
feature\theme\src\main\java\top\wkbin\taixu\ui\theme\Color.kt	80	public	val	M3ExpDarkSurfaceVariant	
feature\theme\src\main\java\top\wkbin\taixu\ui\theme\Color.kt	81	public	val	M3ExpDarkOnSurfaceVariant	
feature\theme\src\main\java\top\wkbin\taixu\ui\theme\Color.kt	82	public	val	M3ExpDarkSurfaceContainerLowest	
feature\theme\src\main\java\top\wkbin\taixu\ui\theme\Color.kt	83	public	val	M3ExpDarkSurfaceContainerLow	
feature\theme\src\main\java\top\wkbin\taixu\ui\theme\Color.kt	84	public	val	M3ExpDarkSurfaceContainer	
feature\theme\src\main\java\top\wkbin\taixu\ui\theme\Color.kt	85	public	val	M3ExpDarkSurfaceContainerHigh	
feature\theme\src\main\java\top\wkbin\taixu\ui\theme\Color.kt	86	public	val	M3ExpDarkSurfaceContainerHighest	
feature\theme\src\main\java\top\wkbin\taixu\ui\theme\Color.kt	87	public	val	M3ExpDarkOutline	
feature\theme\src\main\java\top\wkbin\taixu\ui\theme\Color.kt	88	public	val	M3ExpDarkOutlineVariant	
feature\theme\src\main\java\top\wkbin\taixu\ui\theme\Color.kt	91	public	val	CyberCyan	
feature\theme\src\main\java\top\wkbin\taixu\ui\theme\Color.kt	92	public	val	CyberCyanMuted	
feature\theme\src\main\java\top\wkbin\taixu\ui\theme\Color.kt	93	public	val	CyberCyanContainer	
feature\theme\src\main\java\top\wkbin\taixu\ui\theme\Color.kt	94	public	val	AuroraViolet	
feature\theme\src\main\java\top\wkbin\taixu\ui\theme\Color.kt	95	public	val	AuroraVioletLight	
feature\theme\src\main\java\top\wkbin\taixu\ui\theme\Color.kt	96	public	val	AuroraVioletContainer	
feature\theme\src\main\java\top\wkbin\taixu\ui\theme\Color.kt	97	public	val	PulseEmerald	
feature\theme\src\main\java\top\wkbin\taixu\ui\theme\Color.kt	98	public	val	PulseEmeraldContainer	
feature\theme\src\main\java\top\wkbin\taixu\ui\theme\Color.kt	99	public	val	SolarAmber	
feature\theme\src\main\java\top\wkbin\taixu\ui\theme\Color.kt	100	public	val	SolarAmberContainer	
feature\theme\src\main\java\top\wkbin\taixu\ui\theme\Color.kt	101	public	val	LaserCrimson	
feature\theme\src\main\java\top\wkbin\taixu\ui\theme\Color.kt	102	public	val	LaserCrimsonContainer	
feature\theme\src\main\java\top\wkbin\taixu\ui\theme\Color.kt	104	public	val	TaiXuVoid	
feature\theme\src\main\java\top\wkbin\taixu\ui\theme\Color.kt	105	public	val	TaiXuBackground	
feature\theme\src\main\java\top\wkbin\taixu\ui\theme\Color.kt	106	public	val	TaiXuSurface	
feature\theme\src\main\java\top\wkbin\taixu\ui\theme\Color.kt	107	public	val	TaiXuSurfaceLow	
feature\theme\src\main\java\top\wkbin\taixu\ui\theme\Color.kt	108	public	val	TaiXuSurfaceContainerLow	
feature\theme\src\main\java\top\wkbin\taixu\ui\theme\Color.kt	109	public	val	TaiXuSurfaceHigh	
feature\theme\src\main\java\top\wkbin\taixu\ui\theme\Color.kt	110	public	val	TaiXuSurfaceHighest	
feature\theme\src\main\java\top\wkbin\taixu\ui\theme\Color.kt	111	public	val	TaiXuOnPrimary	
feature\theme\src\main\java\top\wkbin\taixu\ui\theme\Color.kt	112	public	val	TaiXuOnSurface	
feature\theme\src\main\java\top\wkbin\taixu\ui\theme\Color.kt	113	public	val	TaiXuOnSurfaceMuted	
feature\theme\src\main\java\top\wkbin\taixu\ui\theme\Color.kt	114	public	val	TaiXuOnSurfaceDim	
feature\theme\src\main\java\top\wkbin\taixu\ui\theme\Color.kt	115	public	val	TaiXuOutline	
feature\theme\src\main\java\top\wkbin\taixu\ui\theme\Color.kt	116	public	val	TaiXuOutlineVariant	
feature\theme\src\main\java\top\wkbin\taixu\ui\theme\Color.kt	117	public	val	TaiXuGlassBg	
feature\theme\src\main\java\top\wkbin\taixu\ui\theme\Color.kt	119	public	val	LightBg	
feature\theme\src\main\java\top\wkbin\taixu\ui\theme\Color.kt	120	public	val	LightSurface	
feature\theme\src\main\java\top\wkbin\taixu\ui\theme\Color.kt	121	public	val	LightSurfaceLow	
feature\theme\src\main\java\top\wkbin\taixu\ui\theme\Color.kt	122	public	val	LightSurfaceHigh	
feature\theme\src\main\java\top\wkbin\taixu\ui\theme\Color.kt	123	public	val	LightSurfaceHighest	
feature\theme\src\main\java\top\wkbin\taixu\ui\theme\Color.kt	124	public	val	LightPrimary	
feature\theme\src\main\java\top\wkbin\taixu\ui\theme\Color.kt	125	public	val	LightPrimaryContainer	
feature\theme\src\main\java\top\wkbin\taixu\ui\theme\Color.kt	126	public	val	LightOnPrimary	
feature\theme\src\main\java\top\wkbin\taixu\ui\theme\Color.kt	127	public	val	LightOnPrimaryContainer	
feature\theme\src\main\java\top\wkbin\taixu\ui\theme\Color.kt	128	public	val	LightSecondary	
feature\theme\src\main\java\top\wkbin\taixu\ui\theme\Color.kt	129	public	val	LightSecondaryContainer	
feature\theme\src\main\java\top\wkbin\taixu\ui\theme\Color.kt	130	public	val	LightOnSecondaryContainer	
feature\theme\src\main\java\top\wkbin\taixu\ui\theme\Color.kt	131	public	val	LightOnSurface	
feature\theme\src\main\java\top\wkbin\taixu\ui\theme\Color.kt	132	public	val	LightOnSurfaceMuted	
feature\theme\src\main\java\top\wkbin\taixu\ui\theme\Color.kt	133	public	val	LightOnSurfaceDim	
feature\theme\src\main\java\top\wkbin\taixu\ui\theme\Color.kt	134	public	val	LightOutline	
feature\theme\src\main\java\top\wkbin\taixu\ui\theme\Color.kt	135	public	val	LightOutlineVariant	
feature\theme\src\main\java\top\wkbin\taixu\ui\theme\Color.kt	136	public	val	LightGlassBg	
feature\theme\src\main\java\top\wkbin\taixu\ui\theme\Color.kt	137	public	val	LightGlowBorder	
feature\theme\src\main\java\top\wkbin\taixu\ui\theme\Color.kt	138	public	val	TaiXuGlowBorder	
feature\theme\src\main\java\top\wkbin\taixu\ui\theme\Color.kt	145	public	val	ChengmingLightPrimary	
feature\theme\src\main\java\top\wkbin\taixu\ui\theme\Color.kt	146	public	val	ChengmingLightOnPrimary	
feature\theme\src\main\java\top\wkbin\taixu\ui\theme\Color.kt	147	public	val	ChengmingLightPrimaryContainer	
feature\theme\src\main\java\top\wkbin\taixu\ui\theme\Color.kt	148	public	val	ChengmingLightOnPrimaryContainer	
feature\theme\src\main\java\top\wkbin\taixu\ui\theme\Color.kt	149	public	val	ChengmingLightSecondary	
feature\theme\src\main\java\top\wkbin\taixu\ui\theme\Color.kt	150	public	val	ChengmingLightOnSecondary	
feature\theme\src\main\java\top\wkbin\taixu\ui\theme\Color.kt	151	public	val	ChengmingLightSecondaryContainer	
feature\theme\src\main\java\top\wkbin\taixu\ui\theme\Color.kt	152	public	val	ChengmingLightOnSecondaryContainer	
feature\theme\src\main\java\top\wkbin\taixu\ui\theme\Color.kt	153	public	val	ChengmingLightTertiary	
feature\theme\src\main\java\top\wkbin\taixu\ui\theme\Color.kt	154	public	val	ChengmingLightOnTertiary	
feature\theme\src\main\java\top\wkbin\taixu\ui\theme\Color.kt	155	public	val	ChengmingLightTertiaryContainer	
feature\theme\src\main\java\top\wkbin\taixu\ui\theme\Color.kt	156	public	val	ChengmingLightOnTertiaryContainer	
feature\theme\src\main\java\top\wkbin\taixu\ui\theme\Color.kt	157	public	val	ChengmingLightError	
feature\theme\src\main\java\top\wkbin\taixu\ui\theme\Color.kt	158	public	val	ChengmingLightOnError	
feature\theme\src\main\java\top\wkbin\taixu\ui\theme\Color.kt	159	public	val	ChengmingLightErrorContainer	
feature\theme\src\main\java\top\wkbin\taixu\ui\theme\Color.kt	160	public	val	ChengmingLightOnErrorContainer	
feature\theme\src\main\java\top\wkbin\taixu\ui\theme\Color.kt	162	public	val	ChengmingLightBackground	
feature\theme\src\main\java\top\wkbin\taixu\ui\theme\Color.kt	163	public	val	ChengmingLightOnBackground	
feature\theme\src\main\java\top\wkbin\taixu\ui\theme\Color.kt	164	public	val	ChengmingLightSurface	
feature\theme\src\main\java\top\wkbin\taixu\ui\theme\Color.kt	165	public	val	ChengmingLightOnSurface	
feature\theme\src\main\java\top\wkbin\taixu\ui\theme\Color.kt	166	public	val	ChengmingLightSurfaceVariant	
feature\theme\src\main\java\top\wkbin\taixu\ui\theme\Color.kt	167	public	val	ChengmingLightOnSurfaceVariant	
feature\theme\src\main\java\top\wkbin\taixu\ui\theme\Color.kt	168	public	val	ChengmingLightSurfaceContainerLowest	
feature\theme\src\main\java\top\wkbin\taixu\ui\theme\Color.kt	169	public	val	ChengmingLightSurfaceContainerLow	
feature\theme\src\main\java\top\wkbin\taixu\ui\theme\Color.kt	170	public	val	ChengmingLightSurfaceContainer	
feature\theme\src\main\java\top\wkbin\taixu\ui\theme\Color.kt	171	public	val	ChengmingLightSurfaceContainerHigh	
feature\theme\src\main\java\top\wkbin\taixu\ui\theme\Color.kt	172	public	val	ChengmingLightSurfaceContainerHighest	
feature\theme\src\main\java\top\wkbin\taixu\ui\theme\Color.kt	173	public	val	ChengmingLightOutline	
feature\theme\src\main\java\top\wkbin\taixu\ui\theme\Color.kt	174	public	val	ChengmingLightOutlineVariant	
feature\theme\src\main\java\top\wkbin\taixu\ui\theme\Color.kt	177	public	val	ChengmingDarkPrimary	
feature\theme\src\main\java\top\wkbin\taixu\ui\theme\Color.kt	178	public	val	ChengmingDarkOnPrimary	
feature\theme\src\main\java\top\wkbin\taixu\ui\theme\Color.kt	179	public	val	ChengmingDarkPrimaryContainer	
feature\theme\src\main\java\top\wkbin\taixu\ui\theme\Color.kt	180	public	val	ChengmingDarkOnPrimaryContainer	
feature\theme\src\main\java\top\wkbin\taixu\ui\theme\Color.kt	181	public	val	ChengmingDarkSecondary	
feature\theme\src\main\java\top\wkbin\taixu\ui\theme\Color.kt	182	public	val	ChengmingDarkOnSecondary	
feature\theme\src\main\java\top\wkbin\taixu\ui\theme\Color.kt	183	public	val	ChengmingDarkSecondaryContainer	
feature\theme\src\main\java\top\wkbin\taixu\ui\theme\Color.kt	184	public	val	ChengmingDarkOnSecondaryContainer	
feature\theme\src\main\java\top\wkbin\taixu\ui\theme\Color.kt	185	public	val	ChengmingDarkTertiary	
feature\theme\src\main\java\top\wkbin\taixu\ui\theme\Color.kt	186	public	val	ChengmingDarkOnTertiary	
feature\theme\src\main\java\top\wkbin\taixu\ui\theme\Color.kt	187	public	val	ChengmingDarkTertiaryContainer	
feature\theme\src\main\java\top\wkbin\taixu\ui\theme\Color.kt	188	public	val	ChengmingDarkOnTertiaryContainer	
feature\theme\src\main\java\top\wkbin\taixu\ui\theme\Color.kt	189	public	val	ChengmingDarkError	
feature\theme\src\main\java\top\wkbin\taixu\ui\theme\Color.kt	190	public	val	ChengmingDarkOnError	
feature\theme\src\main\java\top\wkbin\taixu\ui\theme\Color.kt	191	public	val	ChengmingDarkErrorContainer	
feature\theme\src\main\java\top\wkbin\taixu\ui\theme\Color.kt	192	public	val	ChengmingDarkOnErrorContainer	
feature\theme\src\main\java\top\wkbin\taixu\ui\theme\Color.kt	194	public	val	ChengmingDarkBackground	
feature\theme\src\main\java\top\wkbin\taixu\ui\theme\Color.kt	195	public	val	ChengmingDarkOnBackground	
feature\theme\src\main\java\top\wkbin\taixu\ui\theme\Color.kt	196	public	val	ChengmingDarkSurface	
feature\theme\src\main\java\top\wkbin\taixu\ui\theme\Color.kt	197	public	val	ChengmingDarkOnSurface	
feature\theme\src\main\java\top\wkbin\taixu\ui\theme\Color.kt	198	public	val	ChengmingDarkSurfaceVariant	
feature\theme\src\main\java\top\wkbin\taixu\ui\theme\Color.kt	199	public	val	ChengmingDarkOnSurfaceVariant	
feature\theme\src\main\java\top\wkbin\taixu\ui\theme\Color.kt	200	public	val	ChengmingDarkSurfaceContainerLowest	
feature\theme\src\main\java\top\wkbin\taixu\ui\theme\Color.kt	201	public	val	ChengmingDarkSurfaceContainerLow	
feature\theme\src\main\java\top\wkbin\taixu\ui\theme\Color.kt	202	public	val	ChengmingDarkSurfaceContainer	
feature\theme\src\main\java\top\wkbin\taixu\ui\theme\Color.kt	203	public	val	ChengmingDarkSurfaceContainerHigh	
feature\theme\src\main\java\top\wkbin\taixu\ui\theme\Color.kt	204	public	val	ChengmingDarkSurfaceContainerHighest	
feature\theme\src\main\java\top\wkbin\taixu\ui\theme\Color.kt	205	public	val	ChengmingDarkOutline	
feature\theme\src\main\java\top\wkbin\taixu\ui\theme\Color.kt	206	public	val	ChengmingDarkOutlineVariant	
feature\theme\src\main\java\top\wkbin\taixu\ui\theme\Color.kt	209	public	val	ChengmingAuroraTop	
feature\theme\src\main\java\top\wkbin\taixu\ui\theme\Color.kt	210	public	val	ChengmingAuroraMid	
feature\theme\src\main\java\top\wkbin\taixu\ui\theme\Color.kt	211	public	val	ChengmingAuroraBottom	
feature\theme\src\main\java\top\wkbin\taixu\ui\theme\Color.kt	212	public	val	ChengmingAuroraGlow	
feature\theme\src\main\java\top\wkbin\taixu\ui\theme\Theme.kt	44	public	class	ThemeStyle	
feature\theme\src\main\java\top\wkbin\taixu\ui\theme\Theme.kt	71	private	val	XuantongLightColors	
feature\theme\src\main\java\top\wkbin\taixu\ui\theme\Theme.kt	103	private	val	XuantongDarkColors	
feature\theme\src\main\java\top\wkbin\taixu\ui\theme\Theme.kt	137	private	val	ChengmingLightColors	
feature\theme\src\main\java\top\wkbin\taixu\ui\theme\Theme.kt	169	private	val	ChengmingDarkColors	
feature\theme\src\main\java\top\wkbin\taixu\ui\theme\Theme.kt	204	private	val	TaiXuShapes	
feature\theme\src\main\java\top\wkbin\taixu\ui\theme\Theme.kt	213	public	fun	TaiXuTheme	@Composable
feature\theme\src\main\java\top\wkbin\taixu\ui\theme\Theme.kt	256	public	val	LocalLiquidGlassBackdrop	
feature\theme\src\main\java\top\wkbin\taixu\ui\theme\Theme.kt	265	public	val	LocalLiquidGlassSurfaceBackdrop	
feature\theme\src\main\java\top\wkbin\taixu\ui\theme\Theme.kt	277	private	fun	LiquidGlassRoot	@Composable
feature\theme\src\main\java\top\wkbin\taixu\ui\theme\Theme.kt	304	private	fun	ChengmingBackdrop	@Composable
feature\theme\src\main\java\top\wkbin\taixu\ui\theme\Type.kt	8	private	val	AppSans	
feature\theme\src\main\java\top\wkbin\taixu\ui\theme\Type.kt	10	public	val	AppTypography	
feature\workspace\src\main\java\top\wkbin\taixu\ui\workspace\CodeEditorScreen.kt	86	private	val	EditorBackground	
feature\workspace\src\main\java\top\wkbin\taixu\ui\workspace\CodeEditorScreen.kt	87	private	val	EditorGutterBackground	
feature\workspace\src\main\java\top\wkbin\taixu\ui\workspace\CodeEditorScreen.kt	88	private	val	EditorText	
feature\workspace\src\main\java\top\wkbin\taixu\ui\workspace\CodeEditorScreen.kt	89	private	val	EditorGutterText	
feature\workspace\src\main\java\top\wkbin\taixu\ui\workspace\CodeEditorScreen.kt	90	private	val	EditorAccent	
feature\workspace\src\main\java\top\wkbin\taixu\ui\workspace\CodeEditorScreen.kt	91	private	val	EditorWarning	
feature\workspace\src\main\java\top\wkbin\taixu\ui\workspace\CodeEditorScreen.kt	92	private	val	MIN_EDITOR_FONT_SIZE_SP	
feature\workspace\src\main\java\top\wkbin\taixu\ui\workspace\CodeEditorScreen.kt	93	private	val	MAX_EDITOR_FONT_SIZE_SP	
feature\workspace\src\main\java\top\wkbin\taixu\ui\workspace\CodeEditorScreen.kt	97	public	fun	CodeEditorScreen	@Composable | @OptIn(ExperimentalMaterial3Api::class, ExperimentalFoundationApi::class)
feature\workspace\src\main\java\top\wkbin\taixu\ui\workspace\CodeEditorScreen.kt	404	private	fun	EditorStatusBar	@Composable
feature\workspace\src\main\java\top\wkbin\taixu\ui\workspace\SyntaxHighlighter.kt	3	public	typealias	SyntaxHighlighter	
feature\workspace\src\main\java\top\wkbin\taixu\ui\workspace\TemplateVariableFields.kt	33	private	fun	VariableLabel	@Composable
feature\workspace\src\main\java\top\wkbin\taixu\ui\workspace\TemplateVariableFields.kt	43	internal	fun	TemplateVariableFields	@Composable
feature\workspace\src\main\java\top\wkbin\taixu\ui\workspace\TemplateVariableFields.kt	128	internal	class	TemplateVariableErrorKind	
feature\workspace\src\main\java\top\wkbin\taixu\ui\workspace\TemplateVariableFields.kt	130	internal	fun	templateVariableErrorKind	
feature\workspace\src\main\java\top\wkbin\taixu\ui\workspace\TemplateVariableFields.kt	142	internal	fun	templateVariableError	@Composable
feature\workspace\src\main\java\top\wkbin\taixu\ui\workspace\WorkshopSettingsScreen.kt	60	public	fun	WorkshopSettingsScreen	@Composable
feature\workspace\src\main\java\top\wkbin\taixu\ui\workspace\WorkshopSettingsScreen.kt	138	private	fun	ManagedScriptCard	@Composable
feature\workspace\src\main\java\top\wkbin\taixu\ui\workspace\WorkshopSettingsScreen.kt	184	private	fun	ProjectScriptBindingRow	@Composable
feature\workspace\src\main\java\top\wkbin\taixu\ui\workspace\WorkshopSettingsScreen.kt	203	private	fun	ManagedScriptEditorDialog	@Composable
feature\workspace\src\main\java\top\wkbin\taixu\ui\workspace\WorkshopSettingsScreen.kt	248	public	fun	WorkshopEnvironmentSettingsScreen	@Composable
feature\workspace\src\main\java\top\wkbin\taixu\ui\workspace\WorkshopSettingsScreen.kt	312	private	fun	ToolchainPathDropdownField	@Composable
feature\workspace\src\main\java\top\wkbin\taixu\ui\workspace\WorkshopSettingsScreen.kt	426	public	fun	WorkshopScriptEditorScreen	@Composable
feature\workspace\src\main\java\top\wkbin\taixu\ui\workspace\WorkshopSettingsScreen.kt	486	private	fun	PathField	@Composable | @Composable private fun ScriptPathPanel(path: String) { RuntimeCard(containerColor = MaterialTheme.colorScheme.surfaceContainerLow) { Column(verticalArrangement = Arrangement.spacedBy(4.dp)) { Text(stringResource(R.string.workshop_script_path_title), style = MaterialTheme.typography.labelMedium, color = MaterialTheme.colorScheme.onSurfaceVariant); Text(path, style = MaterialTheme.typography.bodySmall.copy(fontFamily = FontFamily.Monospace, fontSize = 11.sp)) } } }
feature\workspace\src\main\java\top\wkbin\taixu\ui\workspace\WorkshopSettingsScreen.kt	502	private	fun	CodeEditorPanel	@Composable
feature\workspace\src\main\java\top\wkbin\taixu\ui\workspace\WorkshopSettingsViewModel.kt	31	public	class	ToolchainOption	
feature\workspace\src\main\java\top\wkbin\taixu\ui\workspace\WorkshopSettingsViewModel.kt	38	public	class	DetectedToolchains	
feature\workspace\src\main\java\top\wkbin\taixu\ui\workspace\WorkshopSettingsViewModel.kt	46	public	class	WorkshopEnvironmentDraft	
feature\workspace\src\main\java\top\wkbin\taixu\ui\workspace\WorkshopSettingsViewModel.kt	62	public	class	WorkshopScriptType	
feature\workspace\src\main\java\top\wkbin\taixu\ui\workspace\WorkshopSettingsViewModel.kt	68	public	class	WorkshopSettingsViewModel	@HiltViewModel
feature\workspace\src\main\java\top\wkbin\taixu\ui\workspace\WorkshopSigningScreen.kt	58	public	fun	WorkshopSigningScreen	@Composable
feature\workspace\src\main\java\top\wkbin\taixu\ui\workspace\WorkshopSigningScreen.kt	142	private	fun	KeystoreRow	@Composable
feature\workspace\src\main\java\top\wkbin\taixu\ui\workspace\WorkshopSigningScreen.kt	163	private	fun	CreateKeystoreDialog	@Composable
feature\workspace\src\main\java\top\wkbin\taixu\ui\workspace\WorkshopSigningScreen.kt	289	internal	fun	generateDefaultSigningDraft	
feature\workspace\src\main\java\top\wkbin\taixu\ui\workspace\WorkshopSigningScreen.kt	321	private	fun	ImportKeystoreDialog	@Composable
feature\workspace\src\main\java\top\wkbin\taixu\ui\workspace\WorkshopSigningScreen.kt	416	private	fun	SigningField	@Composable
feature\workspace\src\main\java\top\wkbin\taixu\ui\workspace\WorkshopSigningScreen.kt	450	private	fun	formatDate	
feature\workspace\src\main\java\top\wkbin\taixu\ui\workspace\WorkshopSigningScreen.kt	454	private	val	creationDraftSaver	
feature\workspace\src\main\java\top\wkbin\taixu\ui\workspace\WorkshopSigningScreen.kt	468	private	val	importDraftSaver	
feature\workspace\src\main\java\top\wkbin\taixu\ui\workspace\WorkshopSigningScreen.kt	482	private	fun	queryDisplayName	
feature\workspace\src\main\java\top\wkbin\taixu\ui\workspace\WorkshopSigningViewModel.kt	16	public	class	WorkshopSigningCreationDraft	
feature\workspace\src\main\java\top\wkbin\taixu\ui\workspace\WorkshopSigningViewModel.kt	25	public	class	WorkshopSigningImportDraft	
feature\workspace\src\main\java\top\wkbin\taixu\ui\workspace\WorkshopSigningViewModel.kt	35	public	class	WorkshopSigningViewModel	@HiltViewModel
feature\workspace\src\main\java\top\wkbin\taixu\ui\workspace\WorkspaceBuildTaskCoordinator.kt	23	public	class	WorkspaceBuildTaskState	
feature\workspace\src\main\java\top\wkbin\taixu\ui\workspace\WorkspaceBuildTaskCoordinator.kt	30	public	class	WorkspaceBuildTaskCoordinator	@Singleton
feature\workspace\src\main\java\top\wkbin\taixu\ui\workspace\WorkspaceExplorerScreen.kt	81	public	fun	WorkspaceExplorerScreen	@Composable | @OptIn(ExperimentalMaterial3Api::class)
feature\workspace\src\main\java\top\wkbin\taixu\ui\workspace\WorkspaceExplorerScreen.kt	442	private	fun	BreadcrumbBar	@Composable
feature\workspace\src\main\java\top\wkbin\taixu\ui\workspace\WorkspaceExplorerScreen.kt	490	private	fun	BreadcrumbChip	@Composable
feature\workspace\src\main\java\top\wkbin\taixu\ui\workspace\WorkspaceExplorerScreen.kt	524	private	fun	SharedStoragePermissionBanner	@Composable
feature\workspace\src\main\java\top\wkbin\taixu\ui\workspace\WorkspaceExplorerScreen.kt	569	private	fun	ParentDirectoryRow	@Composable
feature\workspace\src\main\java\top\wkbin\taixu\ui\workspace\WorkspaceExplorerScreen.kt	592	private	fun	FileItemRow	@Composable
feature\workspace\src\main\java\top\wkbin\taixu\ui\workspace\WorkspaceExplorerScreen.kt	744	private	fun	fileExtensionColor	
feature\workspace\src\main\java\top\wkbin\taixu\ui\workspace\WorkspaceExplorerScreen.kt	758	private	fun	isCodeExtension	
feature\workspace\src\main\java\top\wkbin\taixu\ui\workspace\WorkspaceExplorerScreen.kt	763	private	fun	formatTime	
feature\workspace\src\main\java\top\wkbin\taixu\ui\workspace\WorkspaceExplorerScreen.kt	768	private	fun	Long	
feature\workspace\src\main\java\top\wkbin\taixu\ui\workspace\WorkspaceScreen.kt	119	private	class	ProjectImportMode	
feature\workspace\src\main\java\top\wkbin\taixu\ui\workspace\WorkspaceScreen.kt	120	private	class	CreateProjectStep	
feature\workspace\src\main\java\top\wkbin\taixu\ui\workspace\WorkspaceScreen.kt	123	private	fun	TemplatePreviewImage	@Composable
feature\workspace\src\main\java\top\wkbin\taixu\ui\workspace\WorkspaceScreen.kt	147	private	fun	shimmerBrush	@Composable
feature\workspace\src\main\java\top\wkbin\taixu\ui\workspace\WorkspaceScreen.kt	170	private	fun	ProjectCardSkeleton	@Composable
feature\workspace\src\main\java\top\wkbin\taixu\ui\workspace\WorkspaceScreen.kt	238	public	fun	WorkspaceScreen	@OptIn(ExperimentalMaterial3Api::class, ExperimentalLayoutApi::class) | @Composable
feature\workspace\src\main\java\top\wkbin\taixu\ui\workspace\WorkspaceScreen.kt	1972	private	fun	TemplateManagerDialog	@Composable
feature\workspace\src\main\java\top\wkbin\taixu\ui\workspace\WorkspaceScreen.kt	2053	private	fun	ProjectTemplateSpecDialog	@Composable
feature\workspace\src\main\java\top\wkbin\taixu\ui\workspace\WorkspaceScreen.kt	2087	private	fun	BuildTypePickerDialog	@Composable
feature\workspace\src\main\java\top\wkbin\taixu\ui\workspace\WorkspaceScreen.kt	2151	private	fun	BuildTypeOption	@Composable
feature\workspace\src\main\java\top\wkbin\taixu\ui\workspace\WorkspaceScreen.kt	2179	private	fun	ProjectCard	@Composable
feature\workspace\src\main\java\top\wkbin\taixu\ui\workspace\WorkspaceScreen.kt	2369	private	fun	Long	
feature\workspace\src\main\java\top\wkbin\taixu\ui\workspace\WorkspaceScreen.kt	2379	private	fun	ApplicationInfo	
feature\workspace\src\main\java\top\wkbin\taixu\ui\workspace\WorkspaceScreen.kt	2383	private	fun	queryDisplayName	
feature\workspace\src\main\java\top\wkbin\taixu\ui\workspace\WorkspaceScreen.kt	2390	private	fun	AppPickerDialog	@Composable
feature\workspace\src\main\java\top\wkbin\taixu\ui\workspace\WorkspaceViewModel.kt	27	public	class	WorkspaceViewModel	@HiltViewModel
feature\workspace\src\main\java\top\wkbin\taixu\ui\workspace\WorkspaceViewModel.kt	670	internal	fun	isValidWorkspaceEntryName	
feature\workspace\src\main\java\top\wkbin\taixu\ui\workspace\WorkspaceViewModel.kt	680	private	val	GIT_PERCENT_REGEX	
feature\workspace\src\test\java\top\wkbin\taixu\ui\workspace\WorkshopSigningDraftTest.kt	10	public	class	WorkshopSigningDraftTest	
app\src\main\java\top\wkbin\taixu\MainActivity.kt	70	public	class	MainActivity	@AndroidEntryPoint
app\src\main\java\top\wkbin\taixu\TaiXuApplication.kt	25	public	class	TaiXuApplication	@HiltAndroidApp
app\src\main\java\top\wkbin\taixu\di\AppModule.kt	73	public	object	AppModule	@InstallIn(SingletonComponent::class) | @Module
app\src\main\java\top\wkbin\taixu\di\ToolAdapterModule.kt	16	public	class	ToolAdapterModule	@InstallIn(SingletonComponent::class) | @Module
app\src\main\java\top\wkbin\taixu\di\WebChatModule.kt	12	public	class	WebChatModule	@InstallIn(SingletonComponent::class) | @Module
app\src\main\java\top\wkbin\taixu\runtime\service\RuntimeForegroundService.kt	26	public	class	RuntimeForegroundService	@AndroidEntryPoint
app\src\main\java\top\wkbin\taixu\runtime\service\RuntimeServiceController.kt	11	public	class	RuntimeServiceController	@Singleton
app\src\main\java\top\wkbin\taixu\service\AgentForegroundLauncherImpl.kt	9	public	class	AgentForegroundLauncherImpl	
app\src\main\java\top\wkbin\taixu\service\AgentForegroundService.kt	42	public	class	AgentForegroundService	@AndroidEntryPoint
app\src\main\java\top\wkbin\taixu\service\AgentReplyReceiver.kt	13	public	class	AgentReplyReceiver	@AndroidEntryPoint
app\src\main\java\top\wkbin\taixu\webchat\TaiXuWebChatAgentGateway.kt	31	public	class	TaiXuWebChatAgentGateway	@Singleton
app\src\test\java\top\wkbin\taixu\core\tools\DependencyResolverTest.kt	8	public	class	DependencyResolverTest	
app\src\test\java\top\wkbin\taixu\core\tools\ProviderEndpointPolicyTest.kt	8	public	class	ProviderEndpointPolicyTest	
app\src\test\java\top\wkbin\taixu\core\tools\ToolManifestValidatorTest.kt	6	public	class	ToolManifestValidatorTest	
app\src\test\java\top\wkbin\taixu\harness\SlashCommandsTest.kt	8	public	class	SlashCommandsTest	
app\src\test\java\top\wkbin\taixu\harness\StreamBufferTest.kt	7	public	class	StreamBufferTest	
app\src\test\java\top\wkbin\taixu\harness\ToolExecutorTest.kt	24	public	class	ToolExecutorTest	
app\src\test\java\top\wkbin\taixu\harness\WorkspaceFileAccessTest.kt	13	public	class	WorkspaceFileAccessTest	
app\src\test\java\top\wkbin\taixu\runtime\ElfInspectorTest.kt	10	public	class	ElfInspectorTest	
app\src\test\java\top\wkbin\taixu\runtime\EnvironmentDoctorTest.kt	15	public	class	EnvironmentDoctorTest	
app\src\test\java\top\wkbin\taixu\runtime\FakeLinuxRuntime.kt	21	public	class	FakeLinuxRuntime	
app\src\test\java\top\wkbin\taixu\runtime\FakeLinuxRuntimeTest.kt	9	public	class	FakeLinuxRuntimeTest	
app\src\test\java\top\wkbin\taixu\runtime\rootfs\RootfsValidatorTest.kt	12	public	class	RootfsValidatorTest	
app\src\test\java\top\wkbin\taixu\runtime\service\LocalServiceLauncherTest.kt	22	public	class	LocalServiceLauncherTest	
app\src\test\java\top\wkbin\taixu\runtime\tools\AuthUrlDetectorTest.kt	7	public	class	AuthUrlDetectorTest	
app\src\test\java\top\wkbin\taixu\runtime\tools\GenericRecipeInstallerTest.kt	18	public	class	GenericRecipeInstallerTest	
app\src\test\java\top\wkbin\taixu\runtime\tools\RemoteScriptRunnerTest.kt	9	public	class	RemoteScriptRunnerTest	
app\src\test\java\top\wkbin\taixu\runtime\tools\ToolCommandLinkerTest.kt	8	public	class	ToolCommandLinkerTest	
app\src\test\java\top\wkbin\taixu\runtime\tools\ToolLayoutTest.kt	6	public	class	ToolLayoutTest	
